Q1,Q4_1,Q4_2,Q4_3,Q4_4,Q6_1,Q6_2,Q6_3,Q6_4,Q6_5,Q6_6,Q6_7,Q6_8,Q6_9,Q6_10,Q6_11,Q6_12,Q6_13,Q6_14,Q6_15
1,2.285,9.533,11.322,17,5,4,4,4,4,4,4,5,4,4,5,4,5,3,4
1,6.33,40.66,41.261,16,5,6,5,6,5,6,6,5,5,5,6,5,6,6,7
1,2.249,15.248,16.837,16,6,7,7,7,7,7,6,7,7,6,7,6,7,7,7
1,5.178,41.404,43.001,16,5,6,6,7,3,7,6,6,7,5,6,6,7,5,7
1,0,0,7.926,0,1,6,6,7,1,4,4,1,5,3,7,1,6,4,6
1,3.205,15.878,16.838,15,4,6,6,5,5,5,6,5,5,6,6,6,5,6,5
1,12.897,77.838,79.845,21,7,5,4,4,5,5,5,5,7,3,7,6,7,6,7
1,1.588,10.133,10.963,16,6,4,6,5,6,6,7,4,3,4,5,7,5,3,5
1,9.648,53.413,54.382,15,5,5,5,5,6,5,5,3,3,7,3,6,5,5,7
1,1.622,30.265,31.181,17,4,3,4,6,3,5,5,6,5,6,4,5,4,5,7
1,24.093,76.849,77.926,18,5,4,3,5,5,6,6,6,6,2,5,5,3,3,7
1,1.067,7.874,15.747,14,1,7,7,7,1,2,4,2,7,6,1,2,2,3,7
1,6.36,36.036,39.732,16,7,5,6,5,6,7,7,6,6,7,6,5,7,4,7
1,21.976,68.52,73.291,16,6,6,6,5,6,6,5,6,6,6,6,6,5,6,7
1,0,0,12.951,0,3,3,7,1,2,4,7,6,2,7,5,7,1,2,7
1,6.171,21.329,22.47,21,6,5,5,5,5,6,7,6,6,6,5,6,6,6,6
1,1.982,14.792,15.633,16,4,6,6,3,5,3,4,5,3,5,4,4,3,5,7
1,7.788,58.204,59.358,17,5,5,6,6,4,6,6,6,5,5,5,4,5,5,7
1,6.201,74.463,76.344,40,6,6,6,6,6,7,6,6,6,6,6,6,6,6,7
1,5.399,59.189,60.609,15,6,5,5,5,5,5,7,4,5,6,4,6,5,6,7
1,4.785,30.706,33.069,25,5,5,6,6,6,7,5,5,5,6,6,5,5,5,7
1,2.26,41.764,43.384,41,5,5,5,5,5,7,5,7,6,3,1,6,2,5,7
1,134.199,144.565,145.108,21,4,4,4,4,4,4,3,4,4,4,4,4,4,4,7
1,14.283,36.349,37.775,51,3,4,3,5,5,4,5,4,5,4,4,4,5,4,3
1,1.423,10.871,11.707,15,2,3,3,6,3,3,5,4,4,2,5,3,4,5,4
1,10.707,58.03,59.436,20,5,6,5,4,4,6,6,7,5,5,5,4,5,5,7
1,9.805,48.916,50.564,15,6,4,2,7,3,7,4,6,5,2,4,3,1,6,7
1,2.276,29.927,30.77,17,7,7,5,7,6,7,6,6,7,6,7,7,6,7,7
1,2.198,30.775,31.606,36,6,4,6,5,5,4,6,3,5,5,4,6,4,6,7
1,6.511,34.019,34.861,16,5,6,6,6,7,6,7,6,6,6,6,7,7,7,7
1,3.427,11.315,12.219,15,5,4,4,5,5,5,4,4,5,5,5,3,5,3,7
1,2.669,20.392,22.176,16,6,7,7,7,6,7,6,7,7,7,7,7,6,7,7
1,2.22,29.339,30.101,15,6,7,6,6,6,7,6,6,6,6,6,6,5,7,7
1,5.741,39.423,39.427,14,3,5,,4,5,4,3,4,3,,3,3,4,4,3
1,1.574,93.01,93.713,20,7,6,5,5,6,7,6,6,6,6,6,7,7,6,7
1,0,0,32.446,0,4,1,2,4,1,2,2,2,5,6,1,1,1,2,7
1,10.873,44.021,47.717,16,6,5,5,6,5,5,6,5,6,6,5,5,5,6,7
1,33.977,68.409,69.337,21,6,5,5,5,6,6,6,7,6,7,5,6,7,5,7
1,4.418,19.242,21.878,15,7,6,7,7,7,7,6,7,6,5,7,6,6,7,7
1,11.328,38.8,39.614,17,4,3,3,3,4,4,4,5,4,4,2,3,4,3,7
1,0,0,11.488,0,4,3,4,6,4,4,3,5,3,4,4,4,3,3,4
1,9.709,43.773,44.241,15,7,7,7,7,7,7,7,7,7,7,7,7,7,7,7
1,4.203,33.626,33.967,16,7,6,6,7,6,7,6,6,6,7,7,7,7,6,7
1,1.47,12.498,15.09,18,6,2,4,5,2,6,5,3,4,3,6,3,4,5,7
1,10.332,65.571,66.234,15,7,6,6,6,5,5,6,4,5,7,4,7,7,5,7
1,81.853,157.759,162.972,5,4,4,3,5,4,4,4,4,5,4,3,3,5,4,7
1,353.672,383.008,383.911,15,6,6,4,6,5,6,5,6,6,6,5,5,6,5,7
1,6.684,79.837,82.646,19,5,4,5,4,4,5,5,6,5,4,5,5,5,5,7
1,5.398,44.174,48.895,16,7,7,6,7,6,6,7,6,7,6,6,7,6,7,7
1,27.775,27.775,28.387,1,4,2,1,3,3,1,6,1,1,2,1,7,1,4,7
1,2.023,40.493,41.449,51,5,5,6,6,4,6,7,4,6,5,5,6,6,4,7
1,0.704,8.595,9.207,42,3,4,4,4,3,5,4,4,5,4,4,4,5,4,4
1,4.011,58.701,59.658,16,6,6,6,6,7,7,6,5,5,6,4,6,6,6,7
1,5.083,66.266,67.552,15,7,7,7,7,7,7,7,7,7,7,7,6,7,7,7
1,4.815,38.51,39.514,15,7,5,6,7,6,7,7,6,7,7,6,6,6,6,7
1,2.35,11.59,63.579,18,3,6,5,3,3,4,4,4,5,4,5,4,3,5,7
1,7.646,56.39,61.027,15,7,5,5,6,4,6,6,4,6,5,6,5,6,6,7
1,5.461,33.159,34.346,16,7,7,7,7,7,7,7,6,7,7,7,7,7,7,7
1,3.13,45.464,45.875,48,7,7,5,7,7,7,7,7,7,7,6,7,7,6,7
1,64.812,101.143,102.055,17,6,5,6,6,6,6,4,6,3,6,5,6,6,5,7
1,1.326,31.223,32.568,24,6,5,4,4,5,6,6,6,6,6,5,6,6,6,7
1,5.289,29.384,30.258,15,6,5,6,6,6,6,6,6,6,6,6,6,6,6,7
1,1.383,6.88,7.728,15,5,5,5,5,4,3,5,3,3,3,6,5,3,4,3
1,6.177,49.147,50.402,16,6,6,6,6,6,6,6,6,6,6,6,6,6,6,7
1,7.254,53.722,54.463,35,6,4,6,6,6,5,5,5,6,7,5,6,6,6,7
1,4.768,13.328,15.687,16,5,5,5,6,4,5,6,6,4,4,6,5,6,5,7
1,1.504,18.091,19.363,15,5,6,5,4,4,5,5,5,6,5,4,4,5,4,7
1,6.688,20.834,23.048,20,6,6,6,6,6,6,5,6,6,6,6,6,6,6,7
1,3.824,37.788,38.52,15,6,4,5,4,6,6,5,6,4,5,3,5,2,5,7
1,22.21,38.842,40.189,36,5,4,5,5,4,5,4,3,5,4,4,4,5,4,7
1,5.373,35.082,35.792,18,6,6,6,5,6,7,6,7,6,6,6,6,6,6,7
1,2.817,13.066,13.87,15,5,5,4,5,5,5,4,4,4,5,4,4,5,4,5
1,3.675,34.521,35.295,55,7,5,6,4,6,7,6,5,6,7,6,6,6,6,7
1,7.016,51.464,52.127,15,6,6,6,6,7,7,6,4,5,7,6,4,7,5,7
1,4.047,19.271,26.54,17,7,7,7,7,7,7,7,7,7,7,7,7,7,7,7
1,27.922,53.841,54.144,19,6,5,3,7,3,4,4,3,6,4,4,4,5,4,7
1,10.251,53.402,58.867,17,7,7,7,6,6,7,7,7,7,6,6,7,7,7,7
1,6.329,69.992,71.058,20,6,6,5,7,6,7,4,7,6,4,6,6,7,6,7
1,1.325,18.862,21.852,21,4,4,4,4,3,5,4,5,4,4,4,5,4,4,7
1,11.886,77.812,79.791,16,5,4,4,5,3,6,5,6,5,5,7,7,3,5,7
1,9.696,59.067,59.89,15,6,7,6,6,6,7,7,6,5,7,7,7,7,6,7
1,2.518,19.336,19.924,17,7,6,7,7,7,7,7,7,7,7,7,7,7,6,7
1,1.238,15.438,41.136,39,5,5,6,5,6,7,6,7,6,6,6,6,6,6,7
1,2.246,38.673,44.12,30,6,7,4,7,5,6,5,6,4,5,6,5,7,5,7
1,9.409,52.277,52.953,16,4,5,2,6,2,6,2,3,6,5,4,3,3,4,7
1,9.535,50.111,55.239,15,6,5,5,5,6,5,6,3,5,7,5,6,4,6,7
1,5.256,64.176,65.325,17,4,2,5,2,5,3,5,2,5,5,3,3,2,4,7
1,4.257,44.62,45.998,18,7,6,6,5,6,6,6,6,6,6,6,6,6,6,7
1,42.535,49.607,50.822,15,4,4,4,4,4,4,4,4,4,4,4,4,4,4,4
1,11.034,66.91,67.96,15,7,6,6,7,4,7,7,6,6,6,7,6,6,7,7
1,0.753,7.261,8.076,28,6,5,6,5,4,3,6,5,5,3,6,5,4,4,4
1,10.641,54.437,54.45,35,6,7,7,7,7,7,6,7,7,6,7,7,7,7,7
1,4.383,43.058,43.67,77,6,6,6,6,6,6,3,7,6,6,6,6,6,6,7
1,3.004,32.5,32.998,18,1,1,1,1,1,6,1,6,1,1,1,4,1,1,7
1,3.168,14.389,21.837,16,6,6,6,6,6,6,6,6,6,6,6,6,6,6,7
1,4.864,63.156,66.23,19,6,7,6,6,6,7,7,7,6,6,6,6,6,6,7
1,7.361,23.818,24.515,15,7,7,7,7,7,7,7,7,7,7,7,7,7,7,7
1,0.278,65.113,65.693,55,7,7,7,7,7,7,7,7,7,7,1,7,7,7,7
1,2.659,47.715,48.62,15,4,4,2,3,4,4,4,6,5,5,4,6,2,4,7
1,2.441,26.902,27.876,16,4,5,6,5,5,5,4,5,5,4,5,5,5,4,7
1,4.528,28.892,29.786,15,7,7,6,6,6,6,7,7,7,6,7,6,7,6,7
1,4.63,50.86,52.295,15,7,7,5,5,6,6,6,6,6,5,5,7,6,6,7
1,2.89,32.598,33.692,19,5,6,6,5,5,6,6,6,5,6,5,7,7,6,7
1,2.852,42.452,43.397,27,6,5,7,4,7,6,7,7,5,4,6,4,6,6,7
1,3.27,30.69,31.311,17,6,6,6,6,5,5,6,5,6,6,6,7,7,6,7
1,16.564,20.413,23.443,5,1,7,5,1,6,1,3,2,4,1,1,1,1,1,7
1,3.88,56.53,57.438,18,6,5,6,7,3,7,6,4,7,7,4,7,5,1,7
1,3.963,65.968,67.498,18,6,5,6,6,6,6,6,6,3,7,6,6,7,7,7
1,6.21,42.115,43.587,15,5,6,5,7,5,6,6,6,7,5,6,5,6,5,7
1,0,0,51.412,0,6,4,5,7,5,5,4,6,5,6,6,5,7,5,7
1,3.42,18.051,20.24,19,7,7,4,7,4,7,7,7,7,7,7,7,7,7,7
1,4.136,26.995,27.68,17,6,6,7,6,7,7,7,7,6,7,2,7,2,6,7
1,3.865,21.376,23.41,17,7,6,5,5,6,6,7,5,6,5,7,6,6,7,7
1,8.876,39.242,40.459,15,6,6,6,6,6,6,6,6,6,6,6,6,6,6,7
1,13.114,44.687,45.238,16,7,6,7,6,5,6,7,5,6,7,7,7,7,7,7
1,7.396,27.55,28.584,17,7,6,6,5,7,7,6,6,7,6,5,6,5,5,6
1,7.696,42.873,43.466,18,6,6,6,6,6,6,6,5,6,6,6,5,6,6,7
1,3.52,15.316,16.121,17,5,4,3,3,4,3,4,5,4,5,5,4,3,5,7
1,4.584,35.208,36.538,20,6,5,6,4,3,4,4,4,4,4,5,7,6,5,7
1,1.975,36.748,37.696,22,6,6,5,4,5,6,6,7,5,5,5,5,5,6,7
1,1.695,186.95,188.525,21,5,6,5,6,5,5,3,6,6,6,5,3,4,5,7
1,16.04,70.996,100.379,16,6,6,6,5,6,6,6,6,4,4,6,5,6,5,7
1,11.227,70.273,71.502,18,6,2,6,2,6,5,5,6,4,5,2,1,1,4,7
1,3.195,13.533,16.314,34,5,2,2,3,4,2,5,5,2,5,4,6,6,2,7
1,3.838,28.758,29.396,15,5,5,4,4,4,7,3,7,4,3,6,3,6,5,7
1,3.056,40.688,42.475,16,6,5,6,5,6,5,6,5,6,6,6,6,5,6,7
1,13.823,50.046,51.428,15,6,5,5,6,6,5,5,5,6,6,5,5,6,5,7
1,25.593,114.664,115.516,15,6,7,5,7,6,6,7,3,6,4,5,6,6,6,7
1,8.963,49.027,50.023,15,5,5,4,6,3,5,5,6,3,4,5,6,6,4,7
1,3.399,24.396,25.034,15,6,6,6,4,6,6,6,6,6,6,6,4,6,6,7
1,10.802,65.393,66.068,18,4,2,5,3,2,2,5,1,4,7,2,3,1,3,7
1,3.271,42.952,45.055,17,7,6,6,5,5,5,7,6,7,6,5,7,7,6,7
1,14.446,49.099,50.078,19,5,3,4,3,5,6,6,5,5,5,3,4,2,5,7
1,3.088,54.072,55.267,17,6,1,5,4,3,4,4,6,4,7,4,4,4,5,7
1,8.31,66.665,67.322,15,5,5,4,5,6,6,6,6,3,2,4,5,4,7,7
1,32.565,65.332,66.31,15,5,5,5,5,5,5,5,5,5,4,5,5,5,5,7
1,14.743,72.516,80.853,22,7,5,7,6,7,6,6,6,7,7,7,7,7,7,7
1,24.425,73.787,75.494,17,4,5,5,5,5,6,5,6,6,5,6,6,7,5,7
1,8.188,52.997,53.548,15,7,7,6,7,6,7,7,7,7,6,7,6,7,7,7
1,6.862,50.086,51.134,17,6,5,5,6,6,5,5,5,5,6,6,6,6,6,7
1,16.798,45.855,46.515,16,6,5,6,6,5,6,5,7,6,7,4,6,7,6,7
1,2.633,15.759,16.739,15,6,5,5,5,5,5,5,5,5,5,5,4,5,4,7
1,2.882,45.312,45.816,38,6,2,3,5,1,4,6,6,3,4,5,5,1,6,7
1,7.139,18.307,22.976,16,5,6,2,4,3,3,4,6,4,5,3,5,4,4,7
1,4.617,47.717,48.544,18,5,6,4,6,6,6,6,6,7,4,5,5,7,7,7
1,1.324,105.21,106.314,18,7,6,7,7,6,7,7,6,7,6,7,6,7,7,7
1,6.543,44.875,46.364,17,7,7,4,3,7,7,7,5,7,7,7,5,7,7,7
1,5.817,176.115,176.802,22,6,7,7,6,7,7,6,6,6,7,7,7,7,7,7
1,2.644,42.09,43.041,25,4,4,3,3,4,4,5,4,5,2,5,6,3,2,7
1,5.626,25.244,26.27,15,6,6,6,5,6,6,6,7,6,6,6,6,5,6,7
1,2.906,78.072,87.728,15,6,5,5,5,6,6,6,5,5,5,5,6,6,6,7
1,9.131,48.341,49.188,16,6,5,7,6,5,7,6,6,6,6,5,7,6,6,7
1,2.898,32.472,33.195,16,5,2,5,1,3,3,3,3,3,5,3,4,1,3,7
1,1244.354,1279.021,1279.734,15,6,6,6,6,4,3,6,2,4,5,3,5,2,6,7
1,3.05,37.432,38.321,15,6,4,4,4,5,3,6,5,5,6,3,6,3,5,7
1,5.23,58.115,59.083,15,6,6,6,5,5,6,6,5,6,7,6,7,6,4,7
1,26.207,81.692,83.785,17,5,6,5,4,5,6,6,5,4,5,5,7,5,5,7
1,2.881,17.676,18.296,20,7,5,6,7,7,6,6,7,6,5,6,5,5,5,7
1,4.23,4.23,4.237,1,,,,,,,,,,,,,,,
1,1.662,14.031,19.895,18,5,4,6,5,4,6,6,6,6,4,5,7,5,5,6
1,5.044,34.987,35.617,20,7,5,4,6,6,7,7,6,5,5,5,4,5,6,7
1,4.829,39.267,39.94,15,4,5,5,5,5,4,6,6,5,5,4,5,5,4,7
1,9.957,31.423,32.858,15,7,7,7,7,7,7,7,7,7,7,7,7,7,7,7
1,9.011,119.088,120.698,49,5,6,6,6,6,6,5,5,6,6,6,6,6,6,7
1,3.344,30.983,31.489,40,6,7,2,2,7,7,6,4,4,2,6,7,7,5,7
1,3.189,76.883,78.525,15,6,4,6,6,3,5,5,5,5,6,6,6,7,5,7
1,2.222,16.389,17.305,26,5,4,5,5,4,3,4,5,3,3,5,4,5,5,7
1,9.225,82.037,82.9,18,7,7,4,7,7,7,4,7,7,6,7,4,7,6,7
1,4.086,26.59,27.406,20,7,7,7,7,7,7,7,7,7,7,7,7,7,7,7
1,6.467,27.506,28.062,19,6,6,6,6,6,6,6,6,6,6,6,6,6,6,7
1,4.833,51.726,52.293,16,5,1,5,6,1,1,5,5,7,1,6,4,1,4,7
1,200.305,214.208,214.62,16,7,7,7,7,7,7,7,7,7,7,7,7,7,7,7
1,20.815,96.623,96.898,23,5,5,5,1,2,3,5,1,4,5,3,4,2,5,7
1,9.993,21.544,22.473,25,4,4,4,4,3,4,4,6,3,5,4,5,4,4,7
1,10.763,57.735,59.61,17,6,6,6,7,6,6,7,6,6,6,6,7,6,6,7
1,3.176,23.058,24.094,15,7,7,7,7,7,7,7,7,7,7,7,7,7,7,7
1,2.341,20.196,25.098,18,6,6,6,6,6,6,6,6,6,6,6,6,6,6,7
1,11.139,37.91,39.999,17,7,7,7,7,7,7,7,7,7,6,7,7,7,7,7
1,20.745,60.067,61.075,16,7,5,7,6,7,7,7,4,6,7,7,7,7,6,7
1,3.853,15.219,20.361,20,7,7,7,7,7,7,7,7,7,7,7,7,7,7,7
1,19.981,70.931,74.125,15,7,7,7,7,7,7,7,7,7,7,7,7,7,7,7
1,13.043,29.816,31.187,20,4,5,4,4,5,5,4,4,4,5,4,4,4,4,7
1,3.943,63.449,63.71,71,6,7,6,5,6,6,6,6,7,6,5,6,5,6,7
1,10.802,122.46,136.244,16,6,6,6,6,5,6,6,6,6,6,6,6,6,6,7
1,1.533,232.324,243.91,23,6,6,6,6,5,6,5,6,6,5,2,6,6,6,7
1,5.207,42.416,43.155,15,6,4,4,5,5,6,6,5,5,5,4,6,5,6,7
1,5.965,24.504,26.108,17,6,7,6,7,6,6,6,5,6,6,6,6,6,6,7
1,2.957,9.02,10.314,28,5,2,5,3,6,3,2,3,3,3,2,6,4,2,7
1,1.373,64.482,66.511,50,5,4,3,5,6,5,5,5,1,5,5,6,1,5,7
1,1.639,12.492,12.958,46,5,3,5,3,4,5,3,5,4,6,5,6,4,4,7
1,11.142,18.498,28.765,16,6,6,7,6,6,7,6,6,6,6,7,7,6,7,6
1,5.433,30.529,31.536,18,5,5,3,3,5,5,5,7,5,6,4,6,4,6,7
1,6.936,46.992,48.206,18,6,7,5,6,5,6,5,6,6,6,5,4,4,6,7
1,4.236,38.26,38.89,16,5,5,3,4,2,4,3,4,5,5,3,2,5,3,7
1,51.454,131.564,134.586,19,6,6,6,7,6,6,6,6,7,7,4,5,6,7,7
1,4.952,42.533,43.334,17,6,5,6,6,3,3,6,3,7,7,6,2,7,6,7
1,6.471,44.389,46.386,16,5,6,5,5,5,6,6,5,6,7,4,6,7,6,7
1,3.455,126.878,127.71,91,7,7,7,4,7,7,7,7,6,7,7,7,7,7,7
1,7.543,475.126,476.11,24,2,1,1,3,3,1,2,3,2,2,1,3,4,2,7
1,4.735,25.81,27.079,16,5,5,6,6,6,6,6,5,6,7,6,6,5,7,7
1,4.091,23.83,24.366,18,5,7,6,6,7,7,6,7,7,7,6,7,6,6,7
1,34.572,84.976,86.754,15,7,6,5,6,7,5,6,6,7,6,6,6,7,6,7
1,18.811,61.445,62.559,15,6,5,5,5,3,5,6,3,7,5,2,5,3,6,7
1,4.454,18.2,21.291,17,4,5,5,5,4,4,3,3,4,6,3,5,5,4,4
1,2.947,38.847,39.246,18,6,5,7,6,5,6,7,6,6,7,6,7,3,7,7
1,4.124,41.947,44.242,18,6,6,6,6,6,7,6,6,6,5,6,5,6,6,7
1,10.73,51.411,52.3,16,7,7,7,7,7,7,7,6,6,7,7,7,7,7,7
1,9.793,82.815,84.071,15,4,5,4,5,5,6,5,3,6,4,3,4,4,4,7
1,6.066,24.954,26.822,36,5,3,7,3,3,4,4,4,3,6,3,4,5,4,7
1,3.063,51.141,52.691,16,6,5,6,5,7,7,7,5,6,5,6,6,7,6,7
1,2.953,14.177,15.161,16,5,4,4,6,4,7,5,5,6,3,6,7,3,6,7
1,3.867,15.891,16.904,15,5,5,4,5,5,4,5,5,4,6,6,5,5,4,7
1,4.694,35.099,37.536,17,5,3,4,4,4,4,4,4,4,5,4,5,5,5,7
1,14.022,86.739,87.242,16,7,7,6,6,7,7,7,7,6,7,6,7,7,6,7
1,3.129,33.802,34.675,17,7,7,7,7,6,7,7,6,7,7,7,7,7,6,7
1,10.201,59.626,61.654,15,5,4,4,4,4,6,5,4,5,5,4,5,3,5,7
1,2.312,50.326,51.335,16,4,4,3,4,3,4,6,4,3,6,4,4,4,5,7
1,2.196,22.792,23.415,17,5,5,5,5,6,6,5,5,6,6,5,5,6,5,7
1,5.404,83.847,84.349,17,6,4,5,5,4,5,5,6,5,6,4,4,4,5,7
1,5.78,44.564,45.682,19,6,1,6,1,6,1,5,2,4,6,1,6,1,5,7
1,5.383,37.688,38.364,15,5,3,4,6,3,5,5,5,6,6,5,5,4,5,7
1,7.269,52.348,53.082,15,7,6,6,6,6,7,4,6,6,6,1,6,7,7,7
1,32.567,76.115,77.689,16,6,3,5,6,5,4,5,4,5,6,5,6,4,6,7
1,3.642,672.714,672.968,19,6,6,6,4,6,7,6,5,7,7,4,5,6,6,7
1,2.913,40.88,41.372,60,6,7,7,6,7,7,6,7,5,6,7,7,5,7,7
1,2.454,55.657,56.224,30,5,6,6,6,6,5,5,4,7,2,5,7,4,6,7
1,2.469,19.48,20.393,43,6,6,6,6,6,6,6,6,6,5,6,5,6,6,7
1,12.203,62.302,63.642,20,7,6,4,7,7,7,7,7,7,7,7,7,7,6,7
1,9.994,71.771,73.734,19,7,6,7,7,3,5,7,3,4,7,7,6,7,6,7
1,3.804,31.276,31.857,16,5,4,5,5,3,6,3,5,4,5,4,5,7,5,7
1,4.522,21.51,22.389,15,2,2,2,2,2,2,2,2,2,2,2,2,2,2,7
1,8.807,65.998,67.597,15,5,5,4,5,4,5,5,5,6,7,4,6,5,5,7
1,3.153,60.136,60.69,84,7,6,4,4,5,7,6,2,5,5,4,5,6,6,7
1,4.524,52.247,57.388,17,5,5,5,5,7,7,2,5,4,6,5,3,5,4,7
1,4.026,35.392,36.006,20,6,6,6,4,5,6,6,5,6,5,6,7,7,6,7
1,63.215,81.156,82.16,15,7,7,6,7,7,6,7,7,7,7,6,7,7,6,7
1,7.465,36.616,37.6,17,6,5,5,3,5,6,5,5,5,3,3,5,4,4,7
1,3.542,37.025,38.659,39,6,6,5,6,6,6,6,6,5,7,6,7,6,5,7
1,3.13,26.25,26.955,15,7,5,6,4,6,6,6,3,6,7,6,3,6,5,7
1,4.241,44.537,46.563,17,6,5,6,6,4,6,6,5,6,5,4,5,5,6,7
1,19.871,80.021,80.797,18,7,6,6,7,7,7,6,6,7,7,7,4,7,7,7
1,6.65,45.362,45.948,15,7,5,4,4,5,6,7,5,5,4,5,6,6,6,7
1,0,0,42.537,0,6,6,5,7,6,6,6,6,6,5,6,5,6,6,7
1,6.254,17.009,36.629,2,4,4,5,7,6,4,6,3,6,5,4,4,3,5,4
1,1.945,25.099,25.662,16,5,6,6,4,5,6,5,4,5,6,6,7,6,5,7
1,3.367,15.048,16.35,18,5,5,5,5,6,5,5,4,5,6,4,5,4,4,6
1,5.664,26.728,28.299,17,7,6,5,6,6,6,6,6,6,6,5,6,7,6,7
1,6.344,114.984,115.532,16,5,6,3,5,3,5,5,6,5,3,4,6,6,5,7
1,6.226,58.975,59.821,26,6,4,6,6,4,5,5,5,6,5,5,4,5,6,7
1,1.057,50.585,52.161,16,5,6,6,6,6,6,5,6,6,7,5,6,6,6,7
1,5.058,47.792,49.151,15,6,4,3,3,6,7,6,6,7,3,5,7,7,6,7
1,1.321,7.885,8.832,2,3,2,2,2,4,2,2,3,2,7,2,3,2,3,7
1,14.806,71.497,73.397,18,7,6,3,5,5,6,6,5,6,6,6,7,6,6,7
1,1.075,13.812,18.331,38,3,3,6,6,5,6,6,5,5,5,4,1,4,4,3
1,7.361,37.924,38.805,15,5,3,6,2,5,6,6,4,5,6,4,6,3,6,7
1,9.625,39.329,40.511,16,7,7,6,7,7,7,7,7,7,7,7,7,7,7,7
1,304.165,324.612,429.791,16,7,7,5,7,6,7,7,6,7,7,5,5,7,7,7
1,12.168,71.413,73.804,17,5,4,7,5,4,6,5,6,5,5,6,6,6,5,7
1,5.821,29.018,29.669,20,6,5,6,6,6,6,6,6,6,6,6,6,6,6,7
1,61.379,80.875,81.522,16,6,6,4,3,6,7,5,6,7,4,4,7,7,6,7
1,7.185,40.505,43.342,16,6,6,6,7,6,7,7,6,7,6,5,6,7,6,7
1,7.899,85.149,87.367,22,5,2,2,1,2,6,6,3,5,6,4,3,2,5,7
1,6.899,41.622,41.674,52,4,6,2,1,1,5,2,5,6,4,2,2,6,4,7
1,1.665,19.792,20.742,15,5,4,4,4,5,5,5,6,4,6,4,5,7,5,7
1,5.967,47.453,50.446,16,5,4,5,5,5,4,6,5,4,6,5,5,6,6,7
1,10.365,27.024,28.458,17,5,7,7,5,7,7,6,6,6,6,6,7,6,6,7
,29.63,76.022,76.722,15,5,6,5,5,5,5,5,5,5,6,4,5,6,5,7
1,10.291,55.102,56.629,16,6,7,7,6,6,7,6,5,6,6,6,6,6,6,7
1,5.169,52.659,53.804,15,6,5,5,4,5,5,5,5,5,5,5,5,5,5,7
1,9.217,60.034,60.391,23,7,6,7,7,7,6,6,5,6,7,6,6,6,7,7
1,24.869,102.542,103.808,35,6,5,2,7,5,7,7,5,6,7,5,4,5,5,7
1,4.661,36.937,37.893,15,6,6,6,6,4,6,6,5,7,6,6,6,6,6,7
1,8.093,51.353,52.129,19,4,5,5,6,5,5,3,4,3,6,3,6,4,4,7
1,7.246,47.185,48.274,16,7,7,7,7,7,7,7,7,7,7,7,7,7,7,7
1,4.143,19.089,22.886,17,3,4,5,4,3,4,4,5,7,4,3,5,5,4,7
1,6.514,27.314,28.146,19,6,5,5,6,6,5,6,6,6,7,5,6,6,6,7
1,3.133,49.39,50.274,16,2,1,1,3,2,7,1,6,2,3,1,5,1,1,7
1,12.54,83.203,84.098,16,6,5,6,7,3,6,5,5,5,7,5,4,7,6,7
1,2.583,50.104,50.726,81,7,6,5,7,3,4,7,4,4,7,7,4,7,5,7
1,8.725,46.003,47.052,17,6,6,6,5,5,6,6,5,6,6,6,5,6,6,7
1,4.549,52.484,54.202,16,5,5,6,5,4,6,4,5,5,6,6,6,6,6,7
1,2.589,45.5,48.712,15,7,6,6,5,7,7,6,7,6,5,5,6,7,7,7
1,2.818,18.79,19.192,15,6,6,6,5,6,5,6,4,5,3,5,5,5,6,7
1,5.907,56.131,57.9,15,5,4,5,4,3,5,5,5,5,5,4,5,5,5,7
1,4.415,55.054,55.443,21,5,5,3,4,3,5,5,2,4,4,4,2,3,6,7
1,3.769,117.783,118.529,16,6,6,3,5,3,6,6,7,5,5,5,6,6,5,7
1,2.906,22.717,24.674,16,5,6,6,7,6,7,6,7,6,5,5,4,7,6,7
1,2.217,40.089,41.354,46,5,2,3,3,2,2,5,1,3,5,4,4,4,3,7
1,1.607,60.479,61.093,34,6,5,5,6,6,6,6,5,5,6,4,5,6,6,7
1,8.056,51.435,52.461,17,6,6,6,6,5,5,5,6,5,6,5,6,6,6,7
1,16.266,44.874,45.916,16,5,5,5,6,5,6,5,5,6,7,6,6,6,6,7
1,13.227,21.519,25.396,16,6,4,5,5,5,6,4,5,5,5,5,6,4,4,7
1,23.962,112.374,113.617,31,5,5,6,3,5,4,5,3,5,4,5,4,4,3,5
1,24.8,93.066,93.831,16,5,4,5,6,4,5,6,4,5,4,6,5,6,5,4
1,2.957,24.783,25.441,18,7,5,7,6,6,6,6,6,6,5,6,6,5,6,7
1,3.197,28.57,29.845,16,6,6,6,4,6,6,6,6,6,6,6,6,6,6,7
1,5.58,44.6,47.195,17,7,3,5,2,2,4,6,6,5,5,2,1,1,5,7
1,11.809,256.919,257.936,23,5,2,4,2,3,3,4,4,4,3,2,1,2,5,7
1,4.91,24.235,24.706,15,6,7,5,7,6,6,6,5,7,6,6,5,6,6,7
1,11.023,53.372,55.032,15,4,1,2,1,2,2,4,2,1,6,3,5,1,2,7
1,1.957,31.477,32.171,17,5,6,4,5,5,5,6,4,5,5,5,5,6,5,7
1,1.19,20.983,21.48,17,6,5,5,6,5,5,5,5,6,6,6,6,6,5,7
1,13.106,88.014,89.064,15,6,5,6,6,4,6,5,6,6,6,6,7,6,5,7
1,3.963,15.501,16.846,15,6,5,4,6,5,5,6,4,6,5,6,5,7,5,7
1,17.829,33.275,33.906,17,4,5,5,4,4,4,4,5,5,4,4,5,3,3,7
1,5.452,60.748,61.63,18,5,6,5,6,5,6,5,6,6,6,5,5,6,5,7
1,6.381,19.461,21.563,15,5,6,6,7,4,5,5,6,7,5,5,4,6,6,7
1,1.717,8.052,8.672,19,6,5,5,5,5,6,5,5,6,5,5,6,5,6,7
1,2.359,62.09,62.794,24,6,5,6,6,5,6,6,5,7,6,5,6,5,6,7
1,15.072,70.7,72.546,18,7,7,6,7,7,7,7,6,7,6,7,7,7,6,7
1,7.57,41.257,42.196,17,6,6,6,7,6,7,6,6,6,5,7,6,6,6,7
1,3.439,35.381,36.452,15,7,6,6,7,5,6,6,5,7,5,5,6,5,7,7
1,7.036,91.164,91.842,49,6,6,6,7,6,6,6,6,6,6,5,7,5,6,7
1,16.907,67.865,68.495,19,7,5,5,5,6,7,7,5,5,7,6,7,5,7,7
1,91.445,119.261,119.901,17,6,7,5,7,6,6,6,6,7,6,5,6,6,6,7
1,8.125,49.273,50.181,15,5,6,6,6,4,6,5,7,6,5,5,6,7,6,7
1,10.643,65.561,67.77,15,7,5,6,7,6,7,5,7,6,6,3,7,7,6,7
1,0.701,41.651,42.633,21,6,6,6,6,5,6,6,6,6,6,6,6,6,6,7
1,2.365,69.511,70.55,17,7,6,5,7,5,5,6,7,6,7,7,6,7,6,7
1,2.833,21.491,22.971,19,5,5,5,5,5,5,5,5,5,5,5,5,6,5,7
1,2.193,23.042,23.974,15,7,7,7,7,7,7,7,7,7,7,7,7,7,7,7
1,5.825,49.444,50.284,19,7,6,6,6,5,5,4,6,4,4,4,5,4,5,7
1,3.305,40.695,41.294,17,6,5,5,5,3,5,6,6,5,4,5,6,6,6,7
1,2.829,26.407,27.214,16,7,6,4,4,7,6,7,6,7,4,6,5,6,6,7
1,4.566,52.815,53.29,47,6,4,5,5,5,7,7,5,7,5,5,6,6,7,7
1,11.912,114.553,115.445,17,6,7,6,6,6,7,7,5,6,5,6,7,6,6,7
1,5.174,38.477,39.075,20,5,4,4,5,5,4,5,5,4,5,4,6,2,5,7
1,2.163,21.813,22.588,15,7,6,4,4,7,7,7,5,7,4,6,5,6,6,7
1,3.572,51.351,52.724,28,5,7,5,7,3,5,5,6,6,7,3,2,7,2,7
1,34.729,99.753,100.35,17,5,5,6,6,5,6,5,4,5,5,4,4,6,4,7
1,3.411,34.139,35.358,17,7,5,6,6,7,7,7,7,7,5,7,7,6,7,7
1,3.124,15.854,16.664,15,4,5,5,2,5,5,4,5,5,2,4,4,5,3,7
1,5.495,42.557,43.593,17,6,7,6,7,6,7,7,6,6,6,6,5,6,6,7
1,8.155,72.585,75.523,16,6,2,4,7,2,5,4,2,3,7,6,6,6,5,7
1,3.406,17.598,18.907,16,7,7,7,7,7,7,7,7,7,7,7,7,7,7,7
1,6.758,46.175,47.442,19,7,7,5,6,5,5,7,6,6,7,7,7,5,7,7
1,8.219,35.018,35.955,15,5,5,5,5,5,5,5,5,5,6,5,6,5,5,7
1,6.085,39.46,39.984,15,7,7,6,7,6,7,6,6,7,7,5,7,7,7,7
1,7.088,58.115,59.929,15,6,6,6,5,6,6,6,5,3,6,6,6,5,6,7
1,3.885,22.845,27.984,14,5,5,4,5,5,5,6,3,5,5,5,4,5,6,7
1,6.556,49.374,50.2,17,6,7,6,6,5,7,7,5,7,6,6,6,7,6,7
1,11.374,54.878,55.944,15,6,4,6,5,5,5,5,5,6,6,4,6,7,4,7
1,8.426,50.36,50.935,16,7,7,7,7,6,7,7,6,7,6,7,6,7,6,7
1,2.056,81.505,86.899,15,6,5,6,7,6,5,7,6,6,6,6,5,5,7,7
1,3.174,35.629,36.256,21,7,6,5,6,6,7,6,7,7,5,4,7,4,6,7
1,7.067,49.02,50.158,15,5,6,6,5,2,7,3,6,6,3,5,5,6,4,7
1,1.099,17.366,18.097,24,5,5,5,5,5,5,5,5,5,5,5,5,5,5,7
1,4.739,39.345,40.562,17,7,4,6,5,6,5,6,4,6,5,4,6,5,5,7
1,3.877,42.046,43.982,15,7,7,7,6,7,6,6,6,6,7,7,6,6,7,7
1,3.377,36.963,37.629,15,6,5,6,6,6,5,5,6,6,6,6,6,6,6,7
1,12.288,33.28,34.419,15,7,7,6,7,6,7,6,5,7,7,6,6,7,6,7
1,23.115,92.925,95.118,19,6,6,6,7,6,7,7,6,6,6,6,5,6,6,7
1,2.842,47.799,49.343,16,5,5,5,5,6,6,6,6,5,6,4,6,5,5,7
1,3.648,23.386,24.295,15,4,6,5,6,5,6,4,5,6,6,5,5,5,5,7
1,4.184,49.424,52.283,55,7,7,7,7,7,7,7,7,7,7,7,7,7,7,7
1,8.907,55.834,56.416,15,6,4,6,2,5,5,7,5,5,3,3,6,2,5,7
1,1.254,25.659,26.856,18,6,1,2,4,5,4,6,6,5,4,3,7,1,4,7
1,64.993,110.472,111.028,23,6,5,6,7,6,6,6,5,5,6,6,4,5,7,7
1,2.346,13.744,14.617,18,5,6,7,5,5,4,7,6,5,7,6,6,6,5,7
1,5.771,22.656,23.531,15,7,7,7,6,6,6,7,6,6,6,6,7,7,7,7
1,3.365,37.816,38.78,34,7,7,7,7,7,7,7,7,7,7,7,7,7,7,7
1,5.686,32.374,34.138,15,6,6,6,7,6,6,6,6,6,5,7,7,6,6,7
1,9.446,45.686,46.92,15,6,5,7,6,4,4,6,4,6,5,5,6,6,5,7
1,11.761,71.185,71.801,21,6,7,5,7,7,7,6,7,7,7,4,7,7,7,7
1,2.897,34.345,35.626,21,6,4,5,4,5,6,4,5,4,4,4,6,5,4,7
1,118.994,152.259,153.646,19,6,5,5,4,4,5,5,4,5,6,5,4,5,6,7
1,4.072,45.585,49.758,21,6,1,3,1,1,2,3,2,2,1,1,4,1,1,7
1,30.074,92.744,94.521,17,7,6,6,6,7,6,6,7,6,5,5,6,6,6,7
1,5.873,42.334,43.207,17,6,6,4,5,5,5,3,6,5,3,4,3,5,5,7
1,4.148,45.249,46.093,21,7,6,7,7,7,7,7,6,6,6,6,6,6,7,7
1,7.012,71.444,87.13,17,7,6,6,7,7,7,7,7,6,6,6,5,7,5,7
1,1.399,70.753,71.549,81,6,6,2,5,5,6,4,6,7,3,6,6,7,6,7
1,4.399,15.383,16.238,15,6,6,6,6,6,6,6,6,6,6,6,6,6,6,7
1,2.2,35.719,36.368,24,7,5,7,6,7,6,3,7,6,5,4,6,6,5,7
1,30.879,76.078,77.115,23,7,6,6,6,6,7,7,7,7,6,6,7,7,7,7
1,4.552,26.167,31.012,20,6,6,6,6,6,6,5,6,6,6,5,6,5,5,7
1,2.889,11.617,20.457,19,5,6,6,5,7,5,7,7,5,6,6,6,7,6,7
1,6.217,127.335,128.312,25,7,5,3,2,3,6,6,6,6,6,5,5,4,6,7
1,12.488,93.711,94.885,15,6,6,6,6,7,7,6,6,7,7,7,7,7,7,7
1,7.911,67.07,68.064,79,5,5,7,5,5,5,6,5,4,6,5,6,5,6,7
1,2.269,39.573,40.38,18,5,6,7,6,5,6,4,5,6,5,6,6,7,4,7
1,6.618,41.654,42.697,17,6,5,6,6,6,6,5,6,5,7,4,3,6,6,7
1,3.63,39.613,41.12,18,5,4,5,4,5,5,5,6,6,5,5,5,4,6,7
1,3.64,54.101,55.181,17,5,4,6,4,5,3,7,5,7,7,3,2,1,6,7
1,3.524,41.79,42.366,19,5,3,6,5,5,6,6,4,6,6,3,6,5,6,7
1,6.01,54.792,55.802,15,7,6,6,6,5,6,5,6,6,6,6,5,7,5,7
1,4.559,33.48,34.332,16,7,6,7,5,6,7,7,6,6,6,6,7,5,7,7
1,10.264,43.389,44.645,15,7,5,6,7,6,6,5,6,5,7,6,7,7,6,7
1,2.953,28.506,29.81,16,5,5,3,7,7,7,5,7,7,6,7,1,7,7,7
1,4.515,41.769,42.075,21,6,6,5,1,6,7,6,7,7,6,7,7,6,6,7
1,4.448,35.275,36.349,15,7,6,7,6,6,7,7,6,7,7,7,7,7,6,7
1,10.36,46.073,46.831,16,6,5,6,6,5,6,6,5,6,5,6,6,6,6,7
1,10.948,53.281,53.382,77,5,4,4,4,3,4,5,5,5,6,4,4,4,5,7
1,3.422,41.56,42.085,33,6,5,5,5,6,6,7,4,6,6,5,5,6,6,7
1,8.694,99.949,100.958,20,6,6,5,2,5,6,6,5,5,6,3,3,6,6,7
1,2.27,97.056,98.293,27,6,5,5,7,5,6,7,7,7,7,7,7,7,6,7
1,5.37,60.062,63.091,17,6,6,7,4,5,6,6,3,6,7,7,6,4,7,7
1,20.686,110.869,112.575,20,5,7,4,6,3,5,5,2,6,4,5,5,5,5,7
1,3.462,68.971,69.63,57,7,7,7,7,7,7,7,7,7,7,7,7,7,7,7
1,5.734,27.829,28.518,15,7,7,3,4,5,7,4,6,4,5,7,6,7,4,7
1,4.744,48.174,48.645,18,6,6,6,7,5,7,7,5,6,7,7,5,6,7,7
1,3.601,45.942,46.793,18,6,5,5,5,5,7,7,7,5,7,6,6,6,6,7
1,8.442,87.795,90.225,19,7,7,7,7,5,7,7,5,7,7,4,7,7,7,7
1,0.917,31.854,33.471,21,7,5,6,6,6,6,6,5,5,5,7,6,7,6,7
1,4.872,58.3,59.118,18,7,7,5,5,6,6,6,5,5,6,5,6,7,6,7
1,6.987,68.944,69.923,36,6,5,5,5,4,7,7,4,5,6,6,5,6,6,7
1,19.28,72.076,73.542,16,7,5,7,7,5,5,7,4,6,6,6,6,5,6,7
1,7.788,62.873,64.083,20,6,4,2,5,1,4,5,2,5,6,5,6,7,4,7
1,3.283,64.87,65.47,62,6,2,4,6,5,5,5,4,5,6,5,5,5,5,7
1,2.397,62.561,63.327,18,7,7,7,7,7,7,7,7,7,7,7,7,7,7,7
1,22.664,69.216,69.918,53,7,7,6,6,7,7,7,6,7,6,7,6,7,6,7
1,7.496,46.249,48.973,24,5,4,5,5,5,5,5,5,4,5,5,3,5,5,7
1,2.955,55.476,56.466,18,6,5,5,5,5,7,6,5,6,4,5,5,6,4,1
1,2.483,25.918,26.551,21,5,2,4,2,3,3,3,3,2,3,3,4,2,3,7
1,2.657,34.002,34.823,18,6,7,6,5,6,6,6,6,5,6,6,6,5,7,7
1,3.021,45.892,47.299,71,6,6,7,6,6,7,6,6,6,6,6,7,4,7,7
1,1.923,41.786,44.851,16,5,6,4,6,4,5,5,4,6,6,4,4,4,5,7
1,8.135,47.583,48.571,30,7,5,2,4,4,7,7,3,6,4,7,5,4,6,7
1,2.543,32.776,33.404,19,6,2,6,6,6,7,6,5,7,7,7,7,6,6,7
1,5.637,32.969,41.074,20,6,6,6,6,6,6,6,7,6,6,7,6,7,6,7
1,7.729,44.147,49.845,15,7,7,7,7,7,7,7,6,7,7,7,7,4,7,7
1,11.076,67.35,78.901,17,5,5,5,7,3,5,5,6,5,5,6,5,5,5,7
1,11.846,29.841,31.568,16,6,6,6,6,6,6,5,6,6,6,6,2,7,6,7
1,3.697,36.234,36.64,47,6,6,6,6,6,6,5,6,7,6,6,7,6,6,7
1,5.218,45.938,47.957,17,6,7,6,6,7,7,7,7,6,6,7,6,7,6,7
1,10.372,56.721,58.469,18,6,6,4,6,5,7,7,4,5,3,4,6,7,5,7
1,7.275,61.409,62.072,17,6,5,6,5,4,5,5,7,5,6,5,6,6,5,7
1,14.551,149.628,150.95,15,5,4,6,5,4,6,5,5,5,5,6,6,7,4,7
1,14.726,53.769,54.825,16,7,3,5,5,3,4,5,4,4,5,4,5,4,6,7
1,14.912,59.689,61.131,20,5,4,6,6,4,5,5,5,5,7,5,6,6,5,7
1,11.29,46.243,47.052,15,7,2,3,6,2,1,7,2,3,7,2,6,2,5,7
1,6.726,129.686,131.476,17,6,5,6,6,5,6,4,5,7,6,6,5,6,5,7
1,12.265,80.778,105.844,15,5,5,5,7,5,5,6,4,6,6,6,5,7,6,7
1,7.192,54.803,55.83,44,4,2,5,6,5,5,4,5,4,6,2,3,3,3,7
1,6.744,74.979,76.053,17,5,4,4,3,3,6,6,4,4,4,4,5,5,4,7
1,74.887,103.903,104.778,16,7,6,7,5,7,7,7,5,6,7,5,6,5,7,7
1,2.873,21.545,394.556,17,5,5,5,5,5,6,4,5,5,3,4,4,4,6,7
1,5.05,18.407,19.007,18,7,7,7,7,7,7,7,7,7,7,7,7,7,7,7
1,6.709,33.855,34.709,19,7,7,5,7,6,6,7,5,7,6,6,5,7,6,7
1,3.253,45.97,48.024,23,4,4,3,4,3,4,4,4,4,5,4,4,5,4,7
1,9.637,53.374,54.746,21,7,5,6,5,5,6,6,5,5,7,5,3,6,6,7
1,8.193,53.653,54.307,18,6,5,7,7,5,5,7,5,7,5,6,7,6,6,7
1,2.461,21.564,23.357,15,6,5,6,7,6,6,6,7,7,7,6,6,6,6,7
1,3.488,43.976,44.366,60,6,6,7,4,6,7,6,6,6,6,6,7,6,6,7
1,10.377,43.482,44.19,15,7,6,6,7,6,6,7,5,6,7,7,7,6,7,7
1,4.757,58.742,60.103,20,5,4,1,1,5,5,7,5,4,7,1,5,1,5,7
1,5.971,60.749,61.431,15,6,7,5,5,2,3,6,2,6,3,2,5,6,6,7
1,4.953,36.095,36.837,15,7,6,4,4,5,5,7,5,4,5,6,6,5,5,7
1,4.97,70.643,71.579,15,6,6,6,5,6,5,6,3,5,6,5,5,5,5,7
1,5.475,21.748,22.825,21,6,6,6,7,6,6,7,7,7,6,6,6,7,6,7
1,8.236,87.259,88.755,20,6,6,2,4,4,5,5,6,6,6,4,7,6,5,7
1,2.851,13.344,16.02,16,7,7,7,7,7,7,7,7,7,7,7,7,7,7,7
1,3.221,35.574,37.347,15,6,6,6,7,5,6,6,6,6,6,6,6,6,6,7
1,13.254,75.31,76.076,17,5,5,5,5,3,5,6,5,3,4,6,5,6,5,7
1,3.574,63.716,66.772,32,5,4,3,3,5,4,4,5,4,7,3,4,3,5,7
1,8.82,67.809,68.888,15,6,6,6,4,6,5,5,3,5,6,4,7,7,6,7
1,111.096,188.127,189.409,18,5,3,2,3,3,5,5,3,6,6,5,6,5,5,7
1,8.028,55.116,56.221,15,6,3,6,5,4,6,6,6,6,6,5,4,6,5,7
1,4.28,61.498,63.167,15,6,5,6,5,6,6,5,5,5,7,6,5,6,6,7
1,9.486,49.718,50.478,15,5,6,6,4,6,5,6,5,5,5,5,6,7,5,7
1,7.128,30.908,31.776,16,6,5,5,5,2,5,5,5,5,5,4,6,5,5,7
1,12.228,47.588,47.899,16,5,6,6,4,6,6,6,6,5,7,4,5,5,6,7
1,4.201,38.237,38.964,15,6,6,5,7,5,6,6,5,6,6,6,5,7,5,7
1,13.766,48.592,50.413,15,7,6,6,5,6,5,6,5,6,6,4,7,6,6,7
1,5.924,52.069,53.936,15,6,7,6,5,7,6,6,6,7,7,6,6,7,6,7
1,6.74,38.978,39.937,23,6,6,6,6,5,6,7,6,6,7,6,6,7,6,7
1,6.205,52.26,54.186,16,7,7,5,7,5,6,6,5,6,5,5,5,6,6,7
1,8.601,42.306,43.146,15,6,7,6,6,6,7,6,5,7,7,5,5,6,7,7
1,16.237,25.245,25.868,19,3,2,4,1,6,4,3,5,7,5,3,5,6,1,7
1,8.743,61.093,63.453,16,2,1,1,1,5,5,1,1,1,5,1,5,1,2,7
1,3.354,66.666,67.369,20,6,5,3,7,5,7,7,7,7,7,7,5,7,7,7
1,12.068,56.413,57.634,15,7,7,7,7,7,7,7,7,7,7,7,6,7,7,7
1,590.867,603.163,603.865,16,4,5,6,5,6,2,6,5,5,4,3,6,2,6,7
1,5.516,77.336,77.962,17,6,2,4,3,4,5,4,3,5,5,3,2,3,3,7
1,7.029,37.285,37.952,18,7,6,5,4,5,6,5,7,5,3,4,6,7,5,7
1,4.461,24.264,25.038,15,6,7,6,6,6,7,6,6,6,7,7,7,6,7,7
1,3.329,24.084,24.904,25,7,6,7,7,6,6,6,6,6,7,6,6,7,6,7
1,7.626,45.281,47.094,16,6,7,5,6,5,7,6,7,7,5,5,5,5,5,7
1,14.277,58.129,59.418,20,6,6,6,7,5,6,5,6,5,6,6,6,7,5,7
1,7.69,33.633,37.519,23,6,3,5,5,4,5,5,6,5,5,3,4,5,5,7
1,2.052,16.069,18.99,18,6,6,6,6,6,6,6,6,6,6,6,6,6,6,7
1,7.643,45.243,52.839,19,6,4,6,6,4,5,4,5,5,7,4,5,6,5,7
1,12.415,168.574,169.726,15,5,4,4,5,4,4,6,6,5,5,5,5,5,6,7
1,10.163,70.765,72.255,19,6,6,4,5,5,5,6,5,4,5,6,4,5,5,7
1,5.56,33.422,34.324,16,6,4,5,5,5,5,4,5,3,6,6,6,6,5,7
1,19.492,89.124,90.954,20,7,7,7,7,7,7,7,7,7,4,7,7,7,7,7
1,5.229,48.85,49.384,16,6,6,6,6,6,7,6,7,6,6,6,6,7,6,7
1,3.053,41.357,43.337,21,6,6,6,6,6,6,6,5,5,6,5,6,6,6,7
1,24.989,121.602,122.595,15,7,3,5,5,6,7,7,3,7,7,4,5,7,6,7
1,3.493,16.928,17.892,26,4,6,4,6,6,6,5,5,5,7,3,6,5,5,7
1,24.108,55.275,55.99,18,7,6,7,4,7,7,7,6,7,7,6,6,7,6,7
1,6.853,35.755,36.661,15,6,6,6,4,6,7,7,6,6,6,5,6,5,6,7
1,8.087,32.799,33.772,15,6,3,4,6,4,6,2,4,4,5,5,5,4,3,7
1,2.484,45.081,50.849,18,5,7,5,5,3,4,6,5,5,7,5,5,6,6,7
1,3.014,32.815,33.555,16,7,7,5,6,3,6,6,6,6,6,5,6,7,6,7
1,2.54,124.974,127.3,21,7,7,7,7,7,7,7,7,7,7,7,7,7,7,7
1,106.343,141.962,142.6,21,7,6,3,5,5,6,6,4,6,7,6,6,5,6,7
1,10.985,63.073,64.439,17,6,6,6,6,5,6,6,5,6,6,5,5,5,5,7
1,7.784,57.426,58.764,18,7,5,6,7,4,7,7,7,6,4,7,7,6,6,7
1,3.272,32.951,33.412,17,7,7,7,7,7,7,7,7,7,7,7,7,7,7,7
1,3.043,15.207,19.078,16,5,4,5,3,5,4,5,5,4,3,5,4,5,4,7
1,4.103,36.249,38.858,16,7,5,7,7,7,7,7,6,7,6,7,6,6,7,7
1,10.13,46.395,47.179,16,5,5,3,5,5,5,5,5,5,4,3,4,4,6,7
1,2.106,14.118,15.634,20,4,4,4,3,3,6,5,5,3,2,4,5,5,6,5
1,6.253,50.665,51.751,16,6,6,6,6,6,6,6,5,5,5,6,7,7,6,7
1,2.884,13.924,16.418,15,4,4,4,4,4,4,4,4,4,4,4,4,4,4,7
1,2.722,20.578,21.599,19,5,5,4,6,4,5,4,5,6,4,5,5,4,4,4
1,5.303,124.783,126.289,19,5,4,4,5,5,4,4,6,5,5,4,5,4,4,7
1,4.18,61.512,62.174,21,6,6,7,5,6,6,7,7,6,7,6,7,7,7,7
1,5.457,54.124,54.752,16,7,7,7,7,6,7,7,7,7,7,7,7,7,7,7
1,13.94,101.566,103.041,20,6,3,5,3,4,4,5,3,4,6,3,4,6,5,7
1,3.441,39.79,40.928,17,5,5,4,5,5,5,5,5,4,6,5,5,4,5,7
1,4.336,36.876,37.724,34,7,7,6,7,7,7,7,4,7,7,6,7,6,7,7
1,4.7,35.832,36.406,19,7,7,7,7,7,7,7,6,7,7,6,7,7,7,7
1,6.551,106.381,108.745,18,6,2,6,3,5,6,7,2,5,5,5,6,4,7,7
1,1.577,53.468,54.445,19,6,6,5,6,6,5,6,6,5,5,5,6,6,6,7
1,27.501,927.873,929.017,15,6,6,4,6,6,6,6,7,6,5,6,6,6,6,7
1,2.517,26.909,28.42,15,7,6,6,7,6,7,7,5,7,7,6,5,6,6,7
1,18.582,125.887,127.133,16,5,6,6,6,6,7,7,7,7,7,7,3,7,7,7
1,0.793,7.193,7.914,16,3,2,5,4,5,3,2,5,5,5,5,3,6,3,4
1,3.193,40.165,41.25,41,7,5,6,7,6,6,5,5,4,6,5,7,5,6,7
1,2.108,17.733,27.546,6,5,4,6,5,4,7,5,6,6,6,5,4,6,5,7
1,4.328,27.983,28.622,17,5,5,6,3,3,6,5,6,6,6,4,6,6,6,7
1,2.199,17.838,18.252,40,1,1,1,6,1,1,1,6,1,1,1,1,1,1,7
1,3.494,49.682,54.55,16,5,4,5,4,3,5,5,5,5,5,5,4,5,4,7
1,13.794,38.447,41.343,17,6,6,6,5,4,6,4,6,5,5,7,5,7,5,7
1,6.968,54.638,55.692,16,7,6,3,4,6,7,6,7,6,5,5,7,5,6,7
1,4.523,33.217,33.932,15,5,5,5,5,5,5,6,5,6,6,5,6,5,6,7
1,7.89,42.458,42.915,16,7,4,5,4,6,7,7,3,7,7,5,6,5,6,7
1,10.644,50.643,52.614,16,5,1,6,2,5,6,5,4,5,5,3,7,4,4,7
1,4.152,56.973,57.834,17,6,3,6,5,2,5,5,4,7,5,5,2,5,5,7
1,14.579,57.531,58.13,18,6,5,4,6,7,6,6,5,5,3,5,4,7,5,7
1,5.494,66.771,68.027,18,5,6,6,5,5,6,5,5,6,6,4,7,6,6,7
1,1.771,12.971,13.825,15,6,6,5,4,3,3,5,4,3,6,4,5,4,6,7
1,10.005,65.941,68.045,19,6,7,5,6,5,7,7,7,7,7,7,7,7,7,7
1,5.327,59.298,60.068,18,6,5,6,7,7,6,5,6,4,7,6,7,5,6,7
1,3.882,35.917,36.796,15,7,7,6,6,6,7,6,6,7,7,7,7,7,7,7
1,2.633,43.306,43.351,38,7,6,7,7,6,7,7,3,7,7,7,6,6,7,7
1,1610.041,1622.923,1623.531,15,6,6,6,6,6,5,5,5,6,6,6,5,5,6,7
1,5.334,32.991,33.781,18,7,4,7,7,6,6,5,5,7,6,6,7,6,6,7
1,2.778,35.118,35.986,17,4,5,6,6,4,5,6,3,5,6,4,7,6,6,7
1,3.777,38.551,47.053,34,7,6,7,7,7,7,6,6,7,7,7,6,7,7,7
1,6.942,42.768,43.991,16,5,4,5,6,5,5,6,4,6,6,6,5,5,5,7
1,19.959,74.21,77.547,20,5,6,3,4,5,6,7,6,6,6,6,5,6,5,7
1,3.121,32.856,34.656,21,7,7,7,7,7,7,7,7,7,7,7,7,7,7,7
1,24.729,61.737,63.569,16,5,6,6,6,6,6,6,6,6,6,6,5,7,5,7
1,9.411,44.869,49.168,16,5,6,5,6,5,6,5,6,6,5,5,4,6,5,7
1,18.721,246.167,249.446,20,4,3,3,5,2,3,4,4,4,3,3,1,3,3,7
1,4.04,32.54,34.323,15,7,7,7,7,7,7,7,7,7,7,7,7,7,7,7
1,15.486,67.505,69.518,43,5,6,6,7,5,5,5,6,6,4,5,5,7,5,7
1,2.233,20.388,23.972,16,5,4,6,4,5,5,4,6,4,6,6,5,4,5,7
1,8.33,48.841,49.977,17,6,7,6,7,6,6,6,6,5,7,6,6,7,6,7
1,29.614,38.247,39.46,15,6,6,7,7,6,6,6,7,6,7,5,6,6,7,7
1,2.991,93.335,94.101,16,7,7,6,6,6,6,6,6,6,7,6,7,6,6,7
1,3.404,19.655,20.127,22,6,6,6,6,6,7,5,4,6,7,5,5,6,6,7
1,8.626,56.408,57.258,16,7,7,6,7,7,7,5,6,7,6,6,7,6,7,7
1,5.171,45.249,45.664,18,5,4,3,2,1,5,6,3,3,4,5,5,4,2,7
1,10.474,46.381,47.529,15,5,5,5,4,5,5,5,4,5,6,4,5,4,5,7
1,14.017,104.761,107.731,24,7,3,6,5,3,4,5,3,4,7,4,6,4,5,7
1,9466.413,9489.174,9490.255,15,5,5,5,4,6,6,6,5,5,5,6,6,6,6,7
1,6.204,33.95,35.232,15,7,6,7,7,7,7,7,7,7,7,7,7,7,7,7
1,3.625,47.061,48.202,16,6,5,5,6,6,6,6,5,5,6,6,5,5,5,7
1,16.907,55.665,57.1,15,5,5,5,5,5,5,5,5,3,6,4,5,5,6,7
1,4.132,111.845,114.797,15,7,6,5,6,6,6,6,5,6,6,6,5,6,7,7
1,2.393,23.42,24.486,16,7,6,7,7,7,6,7,7,7,7,6,7,6,7,7
1,5.252,31.146,32.04,16,6,6,6,7,6,7,6,5,7,7,7,6,6,6,7
1,9.904,80.328,81.163,88,6,6,4,7,5,7,6,6,5,5,6,7,6,7,7
1,7.957,37.158,40.009,15,6,5,5,6,5,7,5,6,6,6,5,6,6,5,7
1,8.002,81.729,81.852,57,6,5,2,2,5,5,6,5,3,5,2,6,6,5,7
1,1.97,76.158,77.26,57,7,5,5,7,5,6,6,5,6,7,7,7,6,7,7
1,12.249,59.265,60.006,18,6,6,5,6,4,5,7,3,3,7,5,6,4,5,7
1,2.616,61.168,63.132,22,7,7,6,7,7,7,7,7,5,6,7,7,7,7,7
1,3.188,25.656,26.181,41,7,7,5,4,6,6,5,7,5,3,4,6,6,7,7
1,5.396,114.768,115.298,16,6,3,4,3,6,6,5,2,6,5,4,6,6,6,7
1,2.534,26.155,26.913,22,5,6,7,6,6,6,6,7,5,6,5,6,5,6,7
1,5.528,29.545,30.826,16,6,6,5,6,5,6,6,6,6,6,5,6,6,6,7
1,1.466,36.635,39.205,41,5,6,6,4,4,6,6,6,5,5,5,5,7,5,7
1,7.605,15.919,21.6,15,4,4,5,4,4,5,4,4,3,5,4,4,5,4,7
1,3.087,42.883,43.996,15,6,4,4,6,4,5,6,5,6,5,4,3,2,6,7
1,11.591,58.23,59.084,34,6,7,7,7,7,7,6,6,6,5,7,6,6,6,7
1,2.713,11.749,14.392,19,7,7,7,7,7,7,7,7,7,7,7,7,7,7,7
1,11.194,55.345,56.562,15,6,7,6,4,7,7,6,6,6,7,7,7,7,7,7
1,2.068,15.299,17.134,16,7,7,6,7,6,7,7,7,7,7,7,6,6,7,7
1,5.815,41.837,42.848,17,6,6,6,7,6,6,6,6,6,7,7,6,7,6,7
1,8.012,40.772,42.289,17,6,6,5,6,5,5,5,6,6,6,6,6,6,5,7
1,5.893,66.491,67.655,18,5,4,2,6,2,6,5,3,6,6,3,6,6,5,7
1,8.97,51.347,52.298,19,5,4,5,7,3,5,5,3,3,6,7,5,6,5,7
1,2.094,49.931,55.205,70,5,6,6,6,6,5,6,6,5,5,6,6,6,6,7
1,6.003,34.754,35.996,16,7,7,6,7,7,7,7,6,7,7,7,7,7,7,7
1,2.11,48.407,49.386,81,3,6,4,4,5,3,6,6,4,6,3,5,6,5,7
1,9.097,92.71,96.538,19,5,6,5,1,6,5,5,5,7,6,3,6,7,5,7
1,3.293,24.034,25.234,16,6,6,6,6,6,6,6,5,6,6,6,6,6,6,7
1,5.465,51.289,52.892,15,7,7,6,6,6,4,7,4,6,7,6,7,5,7,7
1,3.412,32.77,34.202,17,5,2,1,2,1,6,3,2,3,1,1,5,1,2,7
1,5.926,53.868,54.594,17,6,7,5,6,6,7,6,6,6,6,7,6,5,6,7
1,5.225,28.619,29.561,16,7,7,7,1,7,7,3,7,7,7,7,7,7,7,7
1,2.871,36.148,37.397,15,5,5,4,5,4,5,6,6,5,5,4,4,5,5,7
1,5.726,35.579,36.488,17,7,6,7,4,7,7,7,7,7,4,3,7,7,7,7
1,2.781,33.421,34.677,19,4,6,3,4,4,5,5,5,6,4,4,3,5,3,7
1,4.079,34.275,36.11,19,6,5,5,6,7,6,6,5,5,5,2,6,6,5,7
1,3.37,31.064,31.09,39,6,7,7,7,7,7,7,7,7,7,6,7,7,6,7
1,22.369,97.867,98.557,16,7,7,6,6,7,7,7,7,7,6,7,6,7,7,7
1,3.115,37.796,39.591,17,7,6,5,7,5,6,7,3,6,6,7,4,6,4,7
1,1.475,11.247,12.059,39,4,4,3,5,3,5,3,4,4,5,6,2,5,3,7
1,10.767,53.739,54.43,18,5,6,5,6,4,5,5,5,5,6,5,6,5,5,7
1,2.947,35.755,36.869,15,5,5,4,1,4,6,6,6,5,4,6,7,1,5,7
1,3.783,43.064,43.076,37,6,6,5,6,7,6,6,7,5,5,5,5,6,6,7
1,4.179,31.875,34.062,20,6,7,7,5,7,7,7,7,6,7,7,7,5,6,7
1,5.829,43.632,45.061,16,6,3,5,5,6,6,5,7,5,6,3,2,4,3,7
1,3.152,61.698,62.782,19,3,6,4,4,7,6,3,6,6,5,5,4,5,6,7
1,3.094,42.191,42.866,22,3,2,5,2,2,5,5,2,4,5,4,4,2,3,7
1,3.35,27.689,29.417,19,6,5,5,5,6,6,6,6,6,5,6,6,6,6,7
1,3.727,34.911,37.295,16,6,6,7,7,7,7,7,7,6,6,6,7,7,6,7
1,1.624,47.089,47.958,17,5,5,6,4,7,3,2,4,6,7,4,6,7,6,7
1,5.262,30.485,30.932,17,7,6,6,6,5,7,6,5,7,5,6,6,7,7,7
1,3.513,42.911,46.649,26,5,6,6,6,5,6,6,6,5,5,6,6,6,6,7
1,9.075,45.67,47.26,17,6,6,6,6,6,6,5,5,6,6,5,5,7,6,7
1,42.641,73.178,74.823,15,5,3,3,4,5,5,6,4,5,5,4,6,3,5,7
1,4.569,57.062,64.296,16,5,5,4,6,6,7,7,6,6,5,6,5,5,6,7
1,16.081,58.332,59.774,17,6,6,5,4,3,5,3,4,5,6,4,4,2,5,7
1,35.633,35.633,35.673,1,7,7,6,7,7,7,7,7,3,5,7,7,5,7,7
1,5.734,12.072,13.372,16,5,5,5,4,5,5,6,5,4,6,4,5,4,4,7
1,4.979,35.935,37.277,17,7,6,5,5,6,7,5,5,6,7,5,6,6,6,7
1,4.566,52.262,54.274,17,6,6,5,7,6,6,6,6,6,5,7,6,6,6,7
1,45.498,103.624,104.274,21,6,7,5,7,6,6,5,7,6,5,6,2,6,5,7
1,1.469,117.265,117.816,37,7,3,3,7,3,7,7,7,7,6,7,7,7,7,7
1,6.063,6.063,11.081,1,2,2,2,2,2,2,2,2,2,2,2,2,2,3,7
1,6.001,93.704,94.568,22,6,6,7,7,6,6,3,5,7,7,5,7,7,6,7
1,9.879,50.52,51.565,16,6,5,6,6,6,5,5,5,6,6,5,6,6,5,7
1,10.585,47.877,48.718,17,5,6,3,4,5,5,4,7,5,5,3,3,5,5,7
1,25.342,70.359,71.336,17,5,5,3,3,6,5,7,2,7,7,5,7,5,6,7
1,6.051,49.552,50.563,16,5,3,4,3,3,4,5,5,5,3,4,5,2,4,7
1,5.455,16.253,16.976,17,5,5,6,5,5,5,5,5,6,5,6,6,5,5,7
1,5.623,53.796,55.035,19,5,5,2,4,3,6,6,2,3,6,5,4,6,5,7
1,10.877,141.353,142.705,23,5,4,4,4,5,4,4,5,4,4,4,5,5,4,7
1,10.385,61.929,62.78,17,6,6,5,7,6,6,5,5,7,7,6,7,6,6,7
1,18.704,77.471,78.74,15,5,6,6,6,5,5,6,6,6,6,7,6,6,6,7
1,3.908,10.795,13.917,16,2,4,1,3,7,5,2,1,6,5,3,2,2,3,4
1,3.762,63.225,66.329,16,6,6,5,6,5,6,5,4,6,6,6,6,5,5,7
1,4.427,55.275,55.816,21,7,7,5,6,5,7,7,4,7,7,6,5,6,7,7
1,3.899,38.216,43.089,17,3,5,2,3,2,5,3,6,6,5,4,4,4,3,7
1,2.745,64.024,68.973,17,4,4,5,4,4,4,4,5,5,5,4,4,5,4,7
1,15.346,79.369,80.492,17,7,7,7,7,7,6,7,7,7,7,7,7,7,6,7
1,11.303,77.391,78.853,15,6,5,6,5,7,7,6,6,5,5,5,7,4,6,7
1,5.054,15.06,16.121,15,6,6,6,6,6,7,6,6,6,6,6,7,6,6,7
1,9.499,67.466,68.111,16,6,6,5,5,5,6,6,4,5,6,6,6,6,5,7
1,14.949,81.798,83.94,16,6,7,7,6,6,7,6,7,6,6,6,7,6,5,7
1,5.542,23.095,23.602,21,5,5,6,4,4,5,6,5,5,6,6,6,7,5,7
1,12.707,62.281,63.63,15,7,7,6,7,7,7,7,6,6,7,7,7,7,7,7
1,8.623,81.863,83.749,25,7,3,7,7,6,7,7,7,6,7,6,7,4,7,7
1,4.238,50.114,53.122,20,7,7,3,7,5,6,7,6,6,6,7,7,6,6,7
1,4.597,28.767,29.731,17,6,5,4,6,6,6,6,6,6,5,6,6,6,5,7
1,3.392,12.996,13.755,16,3,2,4,5,3,2,7,6,4,4,2,2,3,4,3
1,5.333,37.302,37.876,16,7,7,6,6,5,6,7,5,7,7,6,6,7,6,7
1,11.541,71.643,72.437,28,2,3,3,4,5,2,4,3,6,6,3,4,3,2,7
1,10.824,59.238,60.486,17,6,5,5,6,6,5,5,7,6,6,6,6,6,6,7
1,0,0,32.524,0,6,5,6,6,6,5,6,4,7,5,5,6,6,6,7
1,8.763,21.458,23.518,18,5,5,6,6,5,5,4,6,6,5,4,5,6,5,7
1,9.821,56.458,57.582,15,5,5,5,5,5,6,6,5,5,5,5,6,3,5,7
1,1.929,56.454,62.44,33,4,4,4,4,4,5,4,4,4,4,4,4,4,4,1
1,6.955,56.842,57.704,40,6,5,4,7,4,5,4,5,4,4,5,5,5,5,7
1,7.411,49.232,49.98,15,7,7,7,7,5,7,7,6,5,7,7,7,7,7,7
1,5.516,42.265,44.126,16,7,1,7,7,7,5,7,4,7,7,1,7,1,7,7
1,4.263,39.881,40.975,16,7,7,5,6,7,7,7,7,7,6,7,7,7,6,7
1,4.38,23.651,24.274,16,6,5,4,5,6,6,6,6,5,5,5,5,6,6,7
1,5.71,67.6,68.452,22,7,5,6,5,6,5,6,3,6,7,2,6,7,5,7
1,4.331,23.025,23.619,17,5,6,5,5,4,5,5,7,6,7,3,5,4,4,7
1,91.764,141.017,142.041,17,6,7,7,6,6,6,6,7,6,7,7,6,7,6,7
1,7.279,54.258,55.336,15,7,7,6,7,5,7,7,7,7,5,7,7,7,6,7
1,14.22,66.225,67.897,15,6,3,7,4,5,3,5,3,6,6,4,5,4,5,7
1,6.853,61.161,62.458,51,6,7,3,7,5,6,6,2,5,6,5,7,7,6,7
1,2.337,17.455,18.285,15,7,7,5,6,7,7,7,7,7,4,7,7,6,7,7
1,13.269,52.951,53.316,20,5,3,6,5,5,5,6,4,5,5,5,6,6,6,7
1,4.629,62.962,63.752,61,6,3,5,4,6,5,6,5,5,6,6,6,6,6,7
1,3.393,44.471,45.869,15,5,4,5,4,4,6,6,4,6,6,4,6,6,5,7
1,10.632,90.11,91.964,16,7,5,4,5,6,7,6,7,6,7,5,7,4,6,7
1,7.929,32.283,32.792,46,7,7,7,7,7,7,7,7,7,7,7,7,7,7,7
1,8.861,52.084,53.136,17,6,6,5,7,2,7,6,6,7,7,6,6,7,7,7
1,5.217,43.859,44.731,17,6,4,5,6,5,5,5,5,5,5,5,5,4,6,7
1,6.076,74.195,75.087,31,6,6,4,6,5,6,5,5,5,4,5,6,5,5,7
1,2.357,25.557,25.976,59,5,4,5,2,3,4,3,3,5,4,2,4,5,5,7
1,26.211,128.559,129.497,22,4,6,5,6,5,3,5,5,4,3,5,5,5,6,7
1,10.7,43.534,44.141,20,5,3,3,4,3,5,5,3,6,6,5,5,6,5,7
1,5.284,67.65,68.877,40,6,7,6,6,3,6,6,6,6,6,5,7,6,6,7
1,12.676,57.878,58.736,16,5,5,6,4,3,5,5,3,2,6,6,5,5,5,7
1,11.435,71.875,73.206,15,7,7,7,7,6,7,7,7,6,6,6,7,7,7,7
1,4.733,28.811,29.945,15,7,6,7,7,7,7,6,6,7,7,7,7,7,7,7
1,17.828,80.839,81.812,16,6,6,5,6,6,6,7,3,7,5,7,6,7,6,7
1,9.654,49.789,50.367,17,6,5,6,5,7,7,7,7,7,7,6,7,4,7,7
1,3.982,23.328,24.261,15,7,6,6,6,6,6,6,6,6,6,6,6,6,6,7
1,5.356,32.808,33.482,15,5,5,4,5,2,5,3,6,6,5,3,5,6,5,7
1,4.717,60.857,62.273,20,5,5,5,5,3,6,4,5,3,4,5,5,6,5,7
1,2.684,33.501,34.454,21,4,2,2,2,4,4,4,4,4,4,2,6,4,4,7
1,129.315,146.196,147.797,15,4,4,4,4,4,4,4,4,4,4,4,4,4,4,4
1,3.477,41.282,42.593,18,6,6,5,4,6,6,6,6,5,4,5,5,5,6,7
1,5.129,85.145,86.594,17,7,7,7,7,7,6,7,7,6,7,6,7,7,7,7
1,4.228,38.88,40.621,17,6,6,6,7,5,7,7,3,5,6,4,4,7,6,7
1,9.209,40.696,42.231,15,5,5,3,5,3,6,4,6,5,2,5,6,6,4,7
1,2.159,45.332,48.066,18,5,6,6,6,6,6,4,6,5,7,6,6,6,6,7
1,3.1,44.03,44.736,15,5,6,4,5,5,5,7,2,3,6,6,5,5,5,7
1,3.945,51.629,53.21,47,7,7,7,7,7,7,7,7,7,7,7,7,7,7,7
1,7.506,43.918,44.811,15,7,5,6,7,5,6,2,5,6,7,6,6,6,5,7
1,8.948,29.485,31.086,15,5,4,4,6,5,5,5,5,6,6,4,5,6,5,7
1,2.957,18.853,19.625,15,7,7,6,6,7,6,6,7,6,7,6,6,7,7,7
1,8.072,39.965,43.246,15,7,4,7,6,6,4,7,5,5,7,4,5,5,5,7
1,17.129,49.837,51.722,20,6,6,6,6,6,5,5,7,7,5,6,6,6,5,7
1,6.241,39.513,40.396,19,6,6,6,6,6,5,7,5,6,6,5,6,5,5,7
1,5.065,19.712,20.977,16,4,4,3,4,3,4,4,3,5,5,3,5,4,5,7
1,9.817,48.475,50.794,15,5,3,3,3,5,3,5,5,5,3,3,3,5,5,7
1,20.696,80.103,81.031,15,6,6,6,6,6,6,4,6,6,6,6,6,6,6,7
1,4.445,26.854,27.637,17,7,6,6,6,6,7,6,6,7,6,6,6,7,6,7
1,10.064,210.488,211.186,45,5,5,5,5,3,5,4,4,5,6,5,5,6,4,7
1,4.575,40,41.182,15,6,3,3,6,4,5,6,4,3,6,3,6,7,5,7
1,1.787,11.611,12.302,15,6,6,7,6,7,7,6,6,5,6,5,6,7,7,7
1,6.279,40.141,40.926,52,7,7,7,7,7,7,7,7,7,7,7,7,7,7,7
1,3.332,34.822,35.928,16,5,4,4,4,4,6,5,4,6,5,5,5,5,5,7
1,6.267,49.706,50.524,19,5,5,5,2,6,4,5,6,7,5,5,5,3,7,7
1,12.568,527.296,528.519,78,5,3,4,7,2,6,6,7,4,6,7,6,7,6,7
1,15.203,54.811,55.933,15,7,4,6,6,3,6,5,5,3,7,6,6,6,5,7
1,11.383,48.969,49.936,15,7,5,5,5,5,3,5,7,5,6,6,3,4,6,7
1,7.376,43.073,45.106,16,6,5,5,6,6,5,6,5,6,6,6,6,5,6,7
1,2.794,27.173,29.321,16,4,6,4,5,5,6,6,6,6,6,6,4,5,5,7
1,3.865,32.633,34.616,15,6,5,7,5,5,5,5,5,6,5,6,3,3,5,7
1,4.485,45.902,47.573,15,7,4,1,7,1,7,7,7,6,7,7,7,1,6,7
1,4.703,40.74,41.793,19,4,4,5,7,4,4,4,5,5,4,5,4,5,4,7
1,6.508,41.749,45.922,15,6,5,7,7,7,7,7,5,7,7,7,6,6,5,7
1,14.337,70.365,78.427,16,7,4,3,7,5,4,7,4,5,7,5,5,5,5,7
1,3.882,34.749,35.43,16,6,6,6,6,6,6,5,5,6,6,7,7,7,6,7
1,2.838,35.006,36.778,18,6,6,6,5,5,5,6,6,5,7,5,6,6,6,7
1,18.932,59.368,59.877,15,7,5,6,7,6,4,5,4,6,7,6,5,5,6,7
1,2.425,17.206,18.426,17,6,6,6,5,5,5,4,5,3,5,6,6,5,6,7
1,1.753,13.529,32.856,15,6,6,6,5,5,5,6,6,6,5,6,6,6,7,7
1,2.462,28.247,29.539,24,6,7,6,6,7,5,6,6,6,6,5,6,5,5,7
1,12.521,48.652,49.466,16,7,7,7,7,3,7,7,6,7,6,7,7,7,7,7
1,8.579,50.789,52.178,18,5,5,4,5,3,4,4,6,5,5,6,4,5,4,7
1,5.825,27.179,27.535,16,6,6,7,7,6,6,5,5,7,7,6,5,7,6,7
1,23.245,62.229,70.862,15,5,6,7,6,7,5,6,6,6,5,7,5,6,7,7
1,8.825,36.894,37.743,19,6,7,4,6,6,6,5,6,7,5,6,5,7,6,7
1,1.783,11.493,14.53,15,6,6,6,5,5,6,5,6,5,5,6,6,6,7,6
1,2.801,47.449,49.337,18,5,6,6,5,6,5,6,6,6,6,6,6,7,6,7
1,0,0,45.958,0,5,3,5,5,5,5,4,5,5,5,2,5,3,5,7
1,8.542,82.678,84.062,16,6,6,4,7,5,4,7,3,5,7,4,7,5,6,7
1,6.251,63.78,64.586,37,6,5,5,5,6,4,6,4,6,5,4,6,4,5,7
1,1.112,62.492,63.066,80,5,5,6,6,5,6,4,6,4,5,5,6,4,6,7
1,1.692,27.596,30.514,24,4,4,2,4,2,3,4,3,3,5,6,4,2,5,5
1,53.427,204.963,209.987,23,7,7,7,7,7,7,7,7,7,7,7,7,7,7,7
1,2.993,29.896,31.059,15,6,5,2,3,1,4,6,7,7,4,2,2,1,5,7
1,2.432,34.493,39.768,22,6,6,5,6,5,6,5,5,3,5,4,3,7,5,7
1,4.916,49.469,51.308,18,7,4,7,7,7,6,7,6,6,6,7,7,5,7,7
1,28.895,79.103,80.251,15,6,6,6,6,6,6,6,6,6,6,6,7,6,6,7
1,3.485,42.589,44.442,18,7,2,7,7,7,7,5,2,7,4,7,4,1,7,7
1,4.484,27.842,28.539,15,6,7,6,5,7,7,6,7,7,6,5,6,6,6,7
1,5.688,52.45,53.984,17,7,7,7,7,7,7,6,7,7,7,7,6,7,7,7
1,2.493,20.196,21.45,20,6,6,5,5,5,4,5,5,4,5,3,4,7,5,7
1,2.129,19.465,20.432,16,7,6,7,6,6,6,6,7,6,7,6,6,6,6,7
1,1.823,32.411,33.666,42,6,7,6,6,6,6,6,6,6,6,6,6,6,6,7
1,5.03,103.512,104.436,18,6,6,7,6,7,6,6,6,6,7,7,5,6,6,7
1,6.776,6.776,430.046,1,6,5,6,4,5,5,5,5,5,4,5,4,7,5,7
1,5.848,64.596,65.653,15,6,4,5,3,5,5,6,3,7,6,3,3,2,5,7
1,5.488,66.338,67.876,17,6,4,6,5,6,5,5,5,4,6,6,6,4,6,7
1,2.298,83.967,84.819,69,5,4,3,3,3,3,7,3,3,6,4,6,3,5,7
1,1.69,10.051,10.59,15,6,5,4,5,6,5,6,5,4,6,6,6,6,5,6
1,3.894,41.983,42.825,18,7,7,1,7,7,7,7,7,7,6,7,7,7,7,7
1,10.071,37.592,38.527,17,5,7,6,6,6,6,6,6,6,6,5,6,7,6,7
1,6.769,99.177,105.322,91,7,6,6,6,7,7,6,4,5,7,5,5,5,6,7
1,9.834,28.833,32.156,15,6,7,7,5,7,6,6,6,6,7,6,7,6,6,7
1,3.739,38.394,39.491,18,7,6,2,6,6,6,6,6,6,6,6,6,7,5,7
1,7.16,47.222,48.761,17,6,7,6,7,6,7,6,6,5,5,6,5,5,6,7
1,0.819,17.891,18.564,52,5,5,5,4,5,5,5,5,6,7,4,5,5,6,7
1,10.043,33.418,34.22,18,4,4,4,4,3,4,3,5,4,4,4,4,3,4,7
1,5.814,78.133,80.661,17,5,3,5,6,6,5,4,5,6,6,3,5,5,4,7
1,10.839,66.267,68.419,16,7,5,6,3,6,6,7,4,5,7,4,7,6,6,7
1,11.991,101.015,102.003,38,5,4,6,4,3,4,2,3,5,5,5,6,4,5,7
1,4.008,50.4,51.302,17,7,5,6,5,6,4,6,5,5,6,3,7,4,6,7
1,8.148,24.132,29.05,22,4,4,6,5,4,6,3,2,4,2,7,6,4,7,7
1,5.781,36.616,37.725,16,6,5,5,6,6,6,5,6,6,5,5,6,6,6,7
1,2.879,58.784,60.214,16,6,6,6,7,6,6,5,6,7,6,6,7,7,5,7
1,5.581,40.955,42.102,15,5,2,4,4,4,5,5,3,6,6,4,4,5,6,7
1,3.156,178.766,179.936,60,5,6,6,5,5,5,5,5,5,5,5,5,6,5,7
1,110.113,362.767,364.066,15,7,3,5,7,7,7,7,7,5,7,7,7,5,7,7
1,4.234,23.104,32.845,16,6,5,6,5,5,6,6,6,6,6,6,5,7,5,7
1,4.674,35.775,37.067,18,7,7,7,7,7,7,7,7,7,7,7,7,7,7,7
1,22.378,78.337,79.447,16,6,6,6,6,6,6,6,6,6,5,6,5,6,6,7
1,16.503,63.823,64.611,52,6,4,6,4,5,6,5,6,6,6,4,6,7,5,7
1,10.162,46.483,47.393,18,5,6,6,5,5,5,5,5,5,6,6,5,6,5,7
1,7.584,39.961,40.921,15,5,5,2,5,3,5,3,4,5,5,3,3,4,4,7
1,4.99,72.22,74.4,23,6,5,5,4,3,6,5,5,5,4,5,5,6,4,7
1,4.123,45.231,46.771,19,2,1,1,1,4,1,1,1,4,2,1,1,3,2,7
1,6.73,43.906,44.533,16,6,7,6,6,5,6,6,6,4,6,7,6,7,6,7
1,6.988,57.211,59.673,58,6,6,6,5,6,6,6,6,6,6,4,6,6,6,7
1,11.19,47.975,50.82,31,5,6,4,4,6,5,4,5,6,5,4,4,5,6,7
1,2.682,64.65,70.784,15,6,6,6,6,5,6,6,7,7,6,6,6,7,6,7
1,4.427,57.678,59.362,19,7,7,5,5,6,7,6,6,5,6,2,6,6,7,7
1,9.059,41.032,41.715,15,7,7,6,7,5,6,6,5,5,6,6,5,7,6,7
1,25.964,43.952,45.882,15,4,5,5,5,3,5,5,3,3,4,6,4,6,4,4
1,34.672,173.457,184.733,20,4,6,5,6,5,6,6,6,6,6,6,6,7,6,7
1,9.973,42.861,45.921,16,5,6,5,5,6,5,6,6,7,6,5,6,6,6,7
1,4.07,61.834,63.222,18,5,6,5,6,5,5,5,5,6,6,6,5,6,5,7
1,2.634,42.757,43.526,27,6,7,6,6,6,6,6,6,6,5,6,6,6,6,7
1,4.804,27.253,30.437,16,6,6,6,5,6,6,6,7,6,6,3,5,6,6,7
1,9.376,560.372,561.273,18,7,7,4,7,6,7,6,6,7,6,5,7,7,5,7
1,15.596,88.02,91.016,17,5,5,4,5,5,5,5,5,4,5,5,5,4,5,7
1,16.967,189.625,191.752,19,5,6,6,7,4,6,6,4,4,5,6,6,6,5,7
1,6.031,24.044,26.545,16,7,7,7,5,7,7,7,6,7,5,7,7,7,7,7
1,21.657,122.948,138.324,17,7,6,6,6,6,6,6,6,7,6,6,6,6,6,7
1,2.477,31.372,35.483,17,5,5,6,4,6,7,7,7,5,6,5,7,4,7,7
1,3.988,116.717,118.251,16,5,4,3,4,5,5,4,5,5,4,5,5,4,6,7
1,10.719,200.657,201.406,16,5,5,6,4,5,4,5,4,6,5,4,5,6,5,7
1,15.775,71.416,75.92,17,6,6,2,4,3,6,4,6,6,4,6,5,6,5,7
1,21.412,97.92,99.062,17,7,7,7,7,7,7,7,4,7,7,7,7,7,7,7
1,5.027,35.473,36.576,20,6,7,3,5,6,7,6,5,7,4,5,6,6,6,7
1,12.446,76.386,78.461,16,7,7,6,7,6,7,7,7,6,6,7,7,7,7,7
1,5.691,31.573,32.502,16,2,6,2,6,4,6,6,6,6,6,6,6,6,2,7
1,3.051,59.662,60.818,20,4,4,6,6,4,5,4,7,4,4,4,4,4,5,7
1,9.936,81.48,82.866,20,4,5,4,7,4,4,4,3,5,5,4,6,4,3,7
1,5.103,37.505,43.304,15,6,6,5,6,5,6,5,6,5,5,6,6,6,5,7
1,5.105,36.425,37.141,17,6,6,6,7,6,6,6,6,6,4,6,6,6,6,7
1,7.335,53.991,54.565,75,7,7,6,5,7,7,7,7,7,7,6,7,5,7,7
1,1.307,21.973,25.196,23,6,7,5,6,4,3,7,4,6,5,5,4,6,4,7
1,6.593,35.276,38.359,17,7,7,7,7,7,7,6,6,7,7,7,7,7,7,7
1,84.086,291.208,318.294,16,7,7,6,4,6,6,7,6,7,7,6,7,7,6,7
1,4.336,37.957,39.825,18,6,6,4,6,4,6,7,6,6,7,6,6,6,5,7
1,11.772,64.709,67.194,18,7,7,4,7,6,4,7,5,6,7,6,7,5,6,7
1,5.078,90.74,91.563,94,7,5,4,3,5,4,4,4,5,3,3,7,2,4,7
1,6.346,16.518,20.102,19,4,3,4,4,4,3,4,3,4,4,4,4,3,4,4
1,3.053,44.73,46.149,16,7,7,7,5,7,6,5,6,6,6,5,7,7,6,7
1,3.293,29.323,30.767,17,7,7,7,6,7,7,7,6,7,7,7,7,5,7,7
1,7.446,32.43,33.528,15,5,6,6,4,6,6,6,5,7,7,5,4,6,4,7
1,7.669,49.777,50.539,19,6,3,4,4,3,4,5,6,2,4,4,3,1,5,7
1,6.795,73.448,74.351,72,7,7,6,4,6,7,6,7,6,6,2,7,7,5,7
1,2.775,130.131,131.72,46,5,5,5,5,5,6,6,5,6,5,5,5,4,5,7
1,45.853,86.004,86.976,17,4,4,5,5,3,4,4,5,5,5,5,5,5,5,7
1,10.563,53.553,54.24,16,5,5,4,7,5,6,7,7,5,5,7,7,7,7,7
1,5.465,18.296,18.963,15,7,7,7,7,7,7,7,7,7,7,7,7,7,7,7
1,30.407,30.407,37.871,1,7,6,6,7,7,7,7,6,7,6,7,6,7,7,7
1,6.089,75.371,76.475,20,6,7,3,5,6,7,6,6,6,5,6,7,3,6,7
1,1.499,23.884,23.896,41,2,5,6,4,4,7,5,6,4,6,5,5,5,4,7
1,9.545,35.027,35.467,17,7,7,7,7,7,7,7,7,7,7,7,6,7,7,7
1,4.223,31.93,34.358,15,4,3,5,4,5,3,5,5,5,3,3,5,3,3,7
1,4.099,37.596,39.235,15,6,7,6,5,7,6,6,6,6,7,6,7,6,6,7
1,3.752,46.102,46.626,19,6,4,6,3,5,6,5,6,5,6,5,6,5,5,7
1,4.527,59.756,60.255,20,6,7,4,3,5,6,3,2,5,6,5,5,4,5,7
1,3.465,35.558,37.174,19,7,7,6,7,5,7,6,6,5,7,7,6,7,6,7
1,26.94,67.725,68.353,16,6,6,6,6,4,6,6,5,5,6,5,5,5,5,7
1,3.011,16.96,19.396,21,3,1,3,5,5,4,5,5,6,4,4,5,3,4,4
1,89.622,131.19,131.989,17,7,6,6,7,6,7,7,6,5,7,7,7,7,7,7
1,9.077,19.957,23.654,16,6,6,5,5,7,7,6,6,5,6,6,7,7,6,5
1,11.941,21.205,30.613,15,6,6,6,7,6,7,6,7,6,6,7,5,7,5,7
1,12.218,48.033,51.45,16,5,5,5,6,5,2,5,5,3,5,3,2,4,5,7
1,2.021,25.17,26.216,27,7,6,7,7,6,7,7,6,7,6,6,6,7,6,6
1,4.367,20.143,21.09,17,7,7,7,7,6,7,6,7,6,6,7,7,7,7,7
1,3.553,15.337,16.421,15,4,4,4,4,4,3,4,4,3,4,4,4,4,4,4
1,14.77,95.215,96.312,20,6,6,5,2,5,7,2,4,2,5,4,1,5,2,7
1,2.308,2.308,76.959,1,5,5,6,4,2,4,5,3,7,5,2,3,6,4,7
1,3.362,118.4,119.805,48,6,5,3,3,2,5,5,2,5,7,2,6,1,5,7
1,4.202,41.64,42.362,17,5,4,6,6,5,4,6,5,5,6,5,6,4,5,7
1,1.771,12.258,13.135,18,5,2,3,6,4,4,3,1,6,3,1,7,5,2,2
1,2.977,14.876,17.792,18,4,3,4,3,4,4,4,4,3,4,4,2,6,5,7
1,6.047,43.22,44.04,17,5,5,3,5,6,5,5,3,5,5,2,6,5,6,7
1,4.725,48.745,48.776,20,6,6,6,6,6,6,6,6,6,6,6,7,6,6,7
1,17.721,82.907,83.644,17,6,6,6,7,6,6,7,7,6,7,6,7,7,6,7
1,5.552,55.535,59.773,17,6,7,6,6,7,6,6,6,5,6,5,6,4,6,7
1,5.535,41.465,42.231,15,7,6,7,7,6,6,7,4,6,7,7,7,5,7,7
1,13.061,107.86,110.13,15,7,7,5,4,6,6,5,2,6,7,6,3,7,7,7
1,3.75,110.475,111.519,79,7,7,4,5,7,7,7,5,6,7,7,5,7,7,7
1,11.193,86.972,88.12,18,6,6,6,6,3,6,7,6,6,6,7,6,6,6,7
1,5.518,65.037,66.399,16,6,7,6,6,6,6,6,6,7,6,7,7,6,6,7
1,12.58,81.738,82.66,68,5,6,5,6,3,5,4,5,5,4,5,4,7,5,7
1,2.019,11.996,13.807,17,6,6,7,5,6,6,6,6,5,5,5,5,6,3,6
1,10.942,77.63,78.518,15,6,4,5,5,6,4,6,6,5,6,5,6,4,5,7
1,1.248,36.784,43.079,46,6,6,6,4,5,3,6,4,4,6,4,4,6,6,7
1,2.157,16.714,18.743,17,7,7,7,6,6,6,6,7,6,6,7,6,7,7,7
1,1.537,32.905,34.038,54,7,7,7,6,6,7,7,6,7,6,7,6,6,6,7
1,2.417,17.61,18.59,19,5,5,6,5,4,6,5,6,4,5,4,5,5,4,7
1,9.293,57.332,58.499,16,7,7,6,7,6,7,5,5,6,6,6,6,7,7,7
1,586.083,768.517,769.983,17,6,6,5,6,7,6,6,7,7,5,7,7,6,7,7
1,4.65,53.314,54.618,16,7,7,6,6,7,7,5,6,6,5,6,6,6,6,7
1,11.255,61.119,62.294,15,6,4,6,4,5,5,4,5,3,5,6,6,6,4,7
1,3.346,25.436,26.842,15,5,1,2,5,7,2,5,2,6,5,1,1,3,2,7
1,8.049,134.521,140.138,19,6,5,5,6,6,6,6,6,6,6,6,6,6,6,7
1,3.82,32.444,33.326,16,6,5,6,5,6,6,5,6,6,5,5,6,7,6,7
1,9.301,83.109,84.499,16,6,6,7,7,7,5,7,6,6,6,6,5,7,6,7
1,137.643,145.896,147.285,16,6,6,5,6,6,6,7,6,6,6,6,5,6,6,5
1,2.626,50.63,51.005,22,5,5,3,5,1,7,3,3,3,3,5,1,1,3,7
1,3.752,18.959,20.26,15,5,5,5,5,5,5,5,5,5,5,5,5,5,5,7
1,63.505,78.541,79.316,20,5,4,4,3,4,5,6,4,5,4,4,4,5,4,4
1,2.412,15.065,18.573,15,6,6,6,6,6,6,6,6,6,6,6,6,6,6,7
1,7.248,50.241,51.103,18,5,7,6,7,6,6,6,7,6,4,6,6,5,6,7
1,2.944,47.135,48.035,23,6,6,6,4,5,5,6,6,5,5,4,6,6,5,7
1,3.697,46.819,48.079,17,6,6,5,5,6,5,5,5,5,5,5,6,6,6,7
1,4.922,30.108,31.375,16,6,7,6,6,7,7,7,7,6,7,7,7,7,7,7
1,8.474,45.832,47.081,15,5,5,5,4,4,4,5,4,5,6,5,5,4,4,7
1,3.387,18.694,19.091,48,7,7,7,7,7,7,7,7,7,7,7,7,7,7,7
1,8.022,35.172,36.87,15,6,7,6,6,6,6,6,6,6,6,7,6,6,6,7
1,5.318,45.146,46.944,15,6,7,4,7,4,6,6,5,7,6,4,7,7,5,7
1,1.778,54.25,56.516,17,7,6,6,6,6,6,6,6,6,6,6,7,6,6,7
1,1.812,51.773,53.158,18,5,2,2,3,3,6,6,2,5,6,3,5,4,6,7
1,3.122,20.129,22.689,28,4,3,3,3,3,5,4,4,4,3,4,5,4,4,3
1,2.647,26.448,28.117,16,6,7,6,6,6,6,6,4,6,7,6,5,7,6,7
1,1.657,16.092,19.319,32,4,5,3,4,4,2,4,4,4,3,4,5,4,4,7
1,8.367,39.467,40.345,18,6,6,5,6,5,5,5,7,6,7,6,7,6,7,7
1,14.476,73.609,74.966,18,6,3,6,4,6,5,6,3,5,6,5,7,5,6,7
1,7.853,39.855,40.59,44,5,5,4,6,5,5,6,5,5,5,5,6,4,6,7
1,2.249,23.369,23.816,17,5,3,5,4,5,4,6,6,5,5,2,6,2,6,7
1,9.462,47.595,48.984,17,7,7,7,7,7,7,7,7,7,7,7,7,7,7,7
1,11.199,53.59,54.642,16,5,5,5,6,5,5,5,6,5,5,5,5,6,6,7
1,6.781,63.669,64.678,24,7,7,7,6,6,7,7,6,7,7,7,7,7,6,7
1,5.863,27.919,28.527,15,6,6,6,5,6,6,5,5,6,6,6,6,6,6,7
1,4.882,31.644,39.765,16,6,5,5,6,6,6,6,7,5,6,6,5,6,5,7
1,7.027,50.771,51.535,15,6,6,6,4,6,6,4,6,6,5,6,4,7,4,7
1,1.593,48.5,49.852,55,6,7,7,6,6,6,5,5,6,7,5,7,7,6,7
1,4.95,22.846,24.803,17,5,6,5,6,5,5,4,5,5,6,5,4,6,3,7
1,2.291,25.647,26.542,49,3,6,4,3,4,5,5,6,5,5,5,6,4,5,7
1,17.897,176.681,177.918,15,6,5,7,6,5,5,6,3,5,7,6,4,6,6,7
1,3.167,20.087,31.755,17,5,6,4,5,6,5,6,5,4,3,5,3,6,5,7
1,2.435,40.36,42.156,25,5,5,5,4,5,5,6,3,5,5,5,5,5,6,7
1,16.009,80.894,81.852,17,4,5,4,5,3,6,6,6,6,5,6,5,6,6,7
1,4.965,19.081,26.464,17,6,5,5,6,6,6,7,7,6,6,5,6,7,5,7
1,5.568,61.363,62.425,18,7,6,6,6,6,6,5,6,6,6,6,6,6,6,7
1,0.902,20.087,21.466,20,7,6,6,6,5,7,6,7,6,7,6,7,7,6,7
1,7.633,44.537,47.43,15,6,7,7,7,6,6,7,6,6,6,7,7,6,6,7
1,3.262,20.861,21.781,15,7,7,7,3,6,5,7,7,6,7,7,3,4,1,6
1,5.903,39.932,42.443,18,7,6,6,6,6,7,6,6,6,7,6,6,6,6,7
1,6.522,57.914,59.228,15,6,6,5,3,6,6,6,5,5,5,6,5,7,6,7
1,17.903,71.463,72.358,17,4,5,4,4,4,5,5,5,5,3,4,4,3,5,7
1,3.681,56.79,57.555,48,7,7,5,5,6,7,6,4,6,7,6,6,6,5,7
1,5.105,33.229,33.744,19,6,6,6,6,7,6,5,4,6,6,5,6,6,5,7
1,11.52,44.651,45.478,15,5,5,6,5,4,5,5,5,7,6,5,6,6,5,7
1,2.695,20.169,22.767,19,6,6,6,5,6,5,7,6,7,5,7,7,5,7,7
1,10.75,28.517,41.446,15,6,5,6,7,5,6,6,5,6,6,6,5,7,7,7
1,2.868,54.74,55.647,57,6,6,6,3,7,6,5,6,5,6,5,6,6,6,7
1,3.95,30.598,31.655,18,6,5,6,6,6,5,6,6,6,5,6,6,6,6,7
1,3.419,21.424,22.387,18,5,6,5,6,4,5,5,6,5,5,5,6,6,5,7
1,8.733,33.01,33.013,15,6,5,7,7,7,5,6,,7,7,5,6,6,7,7
1,5.75,33.583,55.218,16,6,5,7,6,6,5,7,6,7,6,5,6,6,7,7
1,9.332,40.175,51.135,16,7,5,6,6,6,7,6,5,7,6,7,6,7,7,7
1,12.687,25.663,44.071,16,7,6,5,7,7,6,6,6,7,6,6,7,7,6,7
1,9.542,43.918,44.744,15,7,5,5,6,6,7,5,7,7,6,6,6,7,5,7
1,7.171,78.603,82.304,17,5,1,7,4,6,4,7,2,3,4,3,6,2,5,7
1,15.099,54.692,55.407,15,7,7,7,7,5,6,7,6,7,6,7,6,6,7,7
1,7.554,24.467,41.267,15,5,5,6,6,5,7,5,7,6,5,7,6,6,7,7
1,2.599,22.348,22.374,36,6,6,6,4,7,6,6,6,6,4,5,6,4,5,7
1,2.265,59.644,62.508,28,6,6,7,7,6,5,5,6,5,6,6,7,6,5,7
1,15.65,26.549,58.568,15,6,7,5,6,7,6,6,6,5,5,7,6,7,5,7
1,3.701,28.947,35.211,19,6,5,6,5,6,6,7,6,5,6,5,6,7,7,7
1,6.145,18.429,54.744,17,5,6,6,7,7,6,6,5,6,7,6,6,7,7,7
1,2.173,116.984,118.06,64,6,5,6,4,6,7,4,6,4,6,4,6,7,6,7
1,10.005,36.552,62.068,15,6,7,6,5,6,6,5,5,7,5,6,7,6,6,7
1,3.52,25.76,33.152,16,6,6,7,7,6,7,7,6,5,5,6,6,5,6,7
1,9.241,71.45,73.123,40,7,6,7,7,5,6,6,5,5,6,7,6,7,6,7
1,10.797,50.467,75.546,16,5,6,6,6,7,6,7,7,7,6,5,5,6,6,7
1,11.227,29.828,51.062,15,7,7,7,6,6,7,6,6,5,6,5,6,6,5,7
1,4.945,39.493,40.872,25,6,5,4,5,4,6,6,5,6,6,5,6,6,5,5
1,4.296,31.442,34.185,19,5,6,5,7,6,6,5,7,6,6,6,6,6,6,7
1,4.065,37.328,38.103,17,6,6,4,7,4,6,6,6,6,6,6,6,6,5,7
1,2.137,10.586,21.617,15,5,5,7,7,6,6,6,5,5,6,6,6,7,6,7
1,6.082,19.602,32.523,15,5,7,5,6,5,6,7,6,6,7,6,6,7,6,7
1,1.488,47.699,50.1,17,6,6,6,6,6,7,6,5,7,7,5,5,7,6,7
1,6.086,22.32,25.718,16,7,5,6,6,6,7,5,6,6,5,6,6,5,7,7
1,3.412,33.834,35.213,45,6,5,4,4,5,6,7,5,5,6,5,5,4,5,7
1,3.864,46.627,47.59,18,6,6,5,6,6,5,6,5,6,6,5,7,5,6,7
1,7.899,51.957,66.689,17,7,5,6,3,5,6,6,5,6,5,5,7,5,6,7
1,17.103,62.929,63.269,18,5,7,7,5,7,6,6,6,6,5,6,6,7,6,7
1,4.093,31.361,32.137,17,6,6,7,6,6,6,5,6,6,6,5,6,6,6,7
1,5.589,27.185,38.287,15,6,5,5,6,5,7,5,6,6,7,6,7,6,6,7
1,8.878,41.244,90.31,15,6,6,5,6,5,7,6,6,5,7,5,6,6,7,7
1,12.474,61.382,63.384,16,6,6,5,5,6,7,7,6,6,6,5,6,5,5,7
1,6.473,49.239,85.715,15,7,6,7,5,6,6,5,7,6,7,6,5,7,7,7
1,5.664,44.121,85.896,15,6,7,6,7,5,6,5,5,6,7,7,6,5,7,7
1,3.015,73.498,96.013,16,6,6,7,7,5,6,6,6,7,6,7,5,5,6,7
1,20.717,206.763,214.577,18,6,5,5,6,6,6,5,7,6,5,6,5,7,6,7
1,2.124,36.537,48.998,15,5,7,5,5,6,7,7,6,5,7,7,6,6,7,7
1,9.913,63.059,63.934,18,6,3,6,6,3,6,4,5,3,5,5,7,6,6,7
1,14.922,112.002,115.601,21,6,6,5,6,7,7,7,6,6,7,5,6,5,6,7
1,10.577,39.129,40.943,19,5,5,5,4,5,5,6,6,6,5,5,6,5,6,7
1,10.488,118.207,120.343,32,5,6,5,6,7,7,7,7,6,7,7,6,7,6,7
1,9.627,34.861,35.382,16,4,5,5,3,3,6,5,7,6,6,4,4,4,6,7
1,16.301,76.471,77.261,21,7,5,4,3,6,7,7,7,7,7,6,4,4,7,7
1,11.842,45.357,46.217,17,7,6,7,6,6,7,1,6,7,7,7,7,7,7,7
1,6.401,45,51.605,17,6,3,2,2,5,6,5,3,5,6,4,7,5,5,7
1,2.104,37.248,47.875,16,6,6,7,7,6,5,6,6,5,7,5,7,7,6,7
1,5.262,83.622,93.734,17,7,7,7,7,6,7,5,6,5,5,5,7,7,6,6
1,3.723,37.037,38.551,16,6,5,6,6,6,6,6,7,6,7,6,6,6,6,7
1,4.755,44.619,45.534,16,5,5,4,5,4,6,6,6,6,4,5,5,6,6,7
1,18.485,62.453,64.263,15,6,6,4,5,6,6,6,5,5,6,6,7,6,6,7
1,0.289,23.544,24.213,53,6,6,6,6,7,6,7,6,6,6,6,6,6,7,7
1,4.798,41.233,42.129,17,5,7,2,4,2,5,4,7,5,5,4,3,3,6,7
1,5.238,23.095,23.8,15,5,6,6,6,6,5,6,5,6,6,6,6,6,6,7
1,38.867,198.84,199.51,16,6,6,5,7,6,6,7,7,7,4,6,6,7,6,7
1,14.901,72.907,74.36,19,6,5,4,6,6,6,6,6,6,5,6,4,6,6,7
1,4.72,58.282,58.919,21,5,2,3,3,5,3,6,2,7,7,1,6,1,4,7
1,5.352,58.931,60.164,21,7,6,6,7,6,7,6,6,6,5,6,5,6,6,7
1,6.668,61.596,63.379,15,4,7,6,4,6,6,6,7,6,6,6,7,7,7,7
1,3.158,34.555,35.98,15,6,6,3,6,6,7,6,7,5,6,6,4,6,4,7
1,6.229,63.819,64.584,15,6,6,6,6,6,6,6,6,6,6,6,6,6,6,7
1,4.516,84.309,85.224,21,6,5,4,4,6,6,6,5,5,6,5,6,5,4,7
1,3.797,44.422,45.162,18,6,6,5,7,6,7,7,6,7,5,7,7,6,7,7
1,4.928,104.768,105.631,62,5,7,7,2,4,7,7,4,6,4,2,4,7,5,7
1,17.678,99.13,110.027,22,5,6,4,5,5,6,6,6,5,5,5,5,6,6,7
1,2.613,63.598,64.598,65,5,6,5,6,4,5,5,5,5,5,5,5,5,4,7
1,42.573,96.047,97.218,16,6,6,6,7,5,7,7,6,6,6,7,4,7,6,7
1,6.049,55.252,57.317,15,7,7,7,7,5,7,7,7,7,7,7,7,7,6,7
1,22.333,87.557,90.294,16,5,2,2,3,2,5,4,5,5,2,3,5,2,3,7
1,7.738,47.405,48.582,15,5,4,5,5,5,4,4,4,4,3,4,5,5,5,7
1,23.497,139.123,142.405,38,5,4,5,3,4,5,5,5,5,4,4,3,4,4,7
1,12.901,59.28,60.985,30,7,7,6,7,6,7,7,7,7,6,7,7,7,7,7
1,11.62,36.843,37.714,15,6,6,6,6,6,7,6,6,6,6,6,6,7,6,7
1,10.226,21.118,26.978,16,6,4,5,6,4,3,6,4,5,2,3,3,3,6,7
1,2.938,22.54,23.104,16,6,6,6,2,6,7,6,7,7,3,4,7,5,7,7
1,11.78,53.748,59.316,17,7,7,6,7,7,7,7,6,7,6,7,7,7,7,7
1,15.324,124.567,127.349,20,7,1,5,5,6,3,7,5,7,7,3,7,4,4,7
1,7.477,15.289,18.368,15,7,7,7,7,7,7,7,7,7,7,7,7,7,7,7
1,16.84,105.848,106.998,15,7,6,6,7,6,6,5,7,7,7,5,6,7,7,7
1,4.936,53.123,55.611,17,5,5,7,5,5,5,5,4,6,6,7,7,7,4,7
1,5.848,187.963,188.664,16,7,5,5,4,5,4,6,2,5,6,5,6,3,5,7
1,6.869,71.252,73.344,18,7,6,5,5,6,7,6,7,6,6,5,7,6,6,7
1,5.465,53.631,58.885,16,6,6,6,7,6,6,5,7,6,6,6,6,5,7,7
1,13.028,136.14,137.459,17,5,5,4,6,5,5,4,6,5,3,5,5,6,5,7
1,2.031,26.819,27.415,17,7,7,7,7,7,7,1,7,7,7,6,7,7,6,7
1,17.928,68.078,68.999,15,5,4,5,5,5,5,5,5,6,6,4,4,4,5,7
1,1.967,66.283,67.703,62,5,5,5,7,6,6,5,5,6,7,6,7,6,5,7
1,6.038,45.928,50.197,19,6,5,6,6,6,6,6,6,6,6,6,6,6,6,7
1,1.835,74.343,75.554,45,4,6,2,7,1,6,6,6,6,5,5,5,7,3,7
1,0,0,91.754,0,6,4,4,1,4,7,4,7,2,4,4,7,1,5,7
1,7.726,189.553,190.606,15,6,3,5,3,5,7,6,4,3,6,3,6,2,5,7
1,5.128,45.329,47.842,16,7,6,6,7,4,7,6,5,7,7,7,7,6,6,7
1,2.063,580.487,581.691,15,6,6,6,7,6,7,5,5,6,6,6,5,7,6,7
1,9.391,22.385,23.606,19,5,6,5,5,5,6,4,4,5,4,5,5,5,4,5
1,1.346,11.278,14.274,21,5,6,6,5,5,5,5,6,5,6,5,6,5,6,6
,,,,,,,,,,,,,,,,,,,
1,,,,,,,,,,,,,,,,,,,
1,,,,,,,,,,,,,,,,,,,
1,,,,,,,,,,,,,,,,,,,
1,,,,,,,,,,,,,,,,,,,
1,2.169,18.683,18.685,18,,5,6,6,6,7,5,6,6,7,6,7,7,7,7
1,23.658,68.908,70.056,17,6,6,6,6,6,6,6,6,6,6,6,6,6,6,7
1,0,0,3.64,0,1,1,1,1,1,1,2,1,1,1,1,1,1,1,1
1,11.919,62.548,64.524,16,6,5,6,6,5,6,6,7,6,7,4,6,7,6,7
1,,,,,,,,,,,,,,,,,,,
1,,,,,,,,,,,,,,,,,,,
1,,,,,,,,,,,,,,,,,,,
1,1.669,3.309,3.324,3,,,,,1,,,,,,,,,,
1,2.092,17.09,18.798,15,5,3,5,5,3,6,4,4,3,4,4,5,5,6,4
1,,,,,,,,,,,,,,,,,,,
1,,,,,,,,,,,,,,,,,,,
1,,,,,,,,,,,,,,,,,,,
,,,,,,,,,,,,,,,,,,,
1,,,,,,,,,,,,,,,,,,,
1,,,,,,,,,,,,,,,,,,,
1,,,,,,,,,,,,,,,,,,,
1,,,,,,,,,,,,,,,,,,,
1,,,,,,,,,,,,,,,,,,,
1,,,,,,,,,,,,,,,,,,,